mc	mn	quarterbeats	quarterbeats_all_endings	duration_qb	volta	mc_onset	mn_onset	event	timesig	staff	voice	duration	gracenote	nominal_duration	scalar	chord_id	dynamics	articulation	staff_text	tempo	qpm	tempo_visible	slur	TextLine	crescendo_hairpin	decrescendo_hairpin
1	1	0	0	0.0		0	0	Tempo	3/4	1	1	0								M.¬†M.ùÖü¬†=¬†108	108.0	1.0				
1	1	0	0	1.0		0	0	Chord	3/4	1	1	1/4		1/4	1	0							0			
1	1	1	1	0.5		1/4	1/4	Chord	3/4	1	1	1/8		1/8	1	1							0			
1	1	3/2	3/2	0.5		3/8	3/8	Chord	3/4	1	1	1/8		1/8	1	2							0			
1	1	2	2	0.5		1/2	1/2	Chord	3/4	1	1	1/8		1/8	1	3							0			
1	1	5/2	5/2	0.5		5/8	5/8	Chord	3/4	1	1	1/8		1/8	1	4							0			
1	1	0	0	0.0		0	0	Dynamic	3/4	1	2	0					mf									
1	1	1	1	0.5		1/4	1/4	Chord	3/4	1	2	1/8		1/8	1	5										
1	1	3/2	3/2	0.5		3/8	3/8	Chord	3/4	1	2	1/8		1/8	1	6										
1	1	2	2	0.5		1/2	1/2	Chord	3/4	1	2	1/8		1/8	1	7										
1	1	5/2	5/2	0.5		5/8	5/8	Chord	3/4	1	2	1/8		1/8	1	8										
2	2	3	3	0.5		0	0	Chord	3/4	1	1	1/8		1/8	1	9							0			
2	2	7/2	7/2	0.5		1/8	1/8	Chord	3/4	1	1	1/8		1/8	1	10							0			
2	2	4	4	1.5		1/4	1/4	Chord	3/4	1	1	3/8		1/4	3/2	11							0			
2	2	11/2	11/2	0.5		5/8	5/8	Chord	3/4	1	1	1/8		1/8	1	12							0			
2	2	3	3	1.5		0	0	Chord	3/4	1	2	3/8		1/4	3/2	13										
2	2	9/2	9/2	0.5		3/8	3/8	Chord	3/4	1	2	1/8		1/8	1	14										
2	2	5	5	0.5		1/2	1/2	Chord	3/4	1	2	1/8		1/8	1	15										
2	2	11/2	11/2	0.5		5/8	5/8	Chord	3/4	1	2	1/8		1/8	1	16										
2	2	3	3	1.5		0	0	Chord	3/4	2	1	3/8		1/4	3/2	17										
2	2	9/2	9/2	0.5		3/8	3/8	Chord	3/4	2	1	1/8		1/8	1	18										
2	2	5	5	0.5		1/2	1/2	Chord	3/4	2	1	1/8		1/8	1	19										
2	2	11/2	11/2	0.5		5/8	5/8	Chord	3/4	2	1	1/8		1/8	1	20										
3	3	6	6	1.5		0	0	Chord	3/4	1	1	3/8		1/4	3/2	21							0			
3	3	15/2	15/2	0.5		3/8	3/8	Chord	3/4	1	1	1/8		1/8	1	22							0			
3	3	8	8	0.5		1/2	1/2	Chord	3/4	1	1	1/8		1/8	1	23							0			
3	3	17/2	17/2	0.5		5/8	5/8	Chord	3/4	1	1	1/8		1/8	1	24							0			
3	3	6	6	0.5		0	0	Chord	3/4	1	2	1/8		1/8	1	25										
3	3	13/2	13/2	0.5		1/8	1/8	Chord	3/4	1	2	1/8		1/8	1	26										
3	3	7	7	1.5		1/4	1/4	Chord	3/4	1	2	3/8		1/4	3/2	27										
3	3	17/2	17/2	0.5		5/8	5/8	Chord	3/4	1	2	1/8		1/8	1	28										
3	3	6	6	0.5		0	0	Chord	3/4	2	1	1/8		1/8	1	29										
3	3	13/2	13/2	0.5		1/8	1/8	Chord	3/4	2	1	1/8		1/8	1	30										
3	3	7	7	1.5		1/4	1/4	Chord	3/4	2	1	3/8		1/4	3/2	31										
3	3	17/2	17/2	0.5		5/8	5/8	Chord	3/4	2	1	1/8		1/8	1	32										
4	4	9	9	0.5		0	0	Chord	3/4	1	1	1/8		1/8	1	33							0			
4	4	19/2	19/2	0.5		1/8	1/8	Chord	3/4	1	1	1/8		1/8	1	34							0			
4	4	10	10	0.5		1/4	1/4	Chord	3/4	1	1	1/8		1/8	1	35							0			
4	4	21/2	21/2	0.5		3/8	3/8	Chord	3/4	1	1	1/8		1/8	1	36							0			
4	4	11	11	0.5		1/2	1/2	Chord	3/4	1	1	1/8		1/8	1	37							0			
4	4	23/2	23/2	0.5		5/8	5/8	Chord	3/4	1	1	1/8		1/8	1	38										
4	4	9	9	0.5		0	0	Chord	3/4	2	1	1/8		1/8	1	39										
4	4	19/2	19/2	0.5		1/8	1/8	Chord	3/4	2	1	1/8		1/8	1	40										
4	4	10	10	0.5		1/4	1/4	Chord	3/4	2	1	1/8		1/8	1	41										
4	4	21/2	21/2	0.5		3/8	3/8	Chord	3/4	2	1	1/8		1/8	1	42										
4	4	11	11	0.5		1/2	1/2	Chord	3/4	2	1	1/8		1/8	1	43										
4	4	23/2	23/2	0.5		5/8	5/8	Chord	3/4	2	1	1/8		1/8	1	44										
5	5	12	12	1.5		0	0	Chord	3/4	1	1	3/8		1/4	3/2	45							1			
5	5	27/2	27/2	0.5		3/8	3/8	Chord	3/4	1	1	1/8		1/8	1	46							1			
5	5	14	14	0.5		1/2	1/2	Chord	3/4	1	1	1/8		1/8	1	47							1			
5	5	29/2	29/2	0.5		5/8	5/8	Chord	3/4	1	1	1/8		1/8	1	48							1			
5	5	14	14	1.0		1/2	1/2	Chord	3/4	1	2	1/4		1/4	1	49										
5	5	12	12	0.0		0	0	Dynamic	3/4	2	1	0					other-dynamics									
5	5	12	12	1.0		0	0	Chord	3/4	2	1	1/4		1/4	1	50										
5	5	13	13	1.0		1/4	1/4	Chord	3/4	2	1	1/4		1/4	1	51										
6	6	15	15	1.5		0	0	Chord	3/4	1	1	3/8		1/4	3/2	52							1			
6	6	33/2	33/2	0.5		3/8	3/8	Chord	3/4	1	1	1/8		1/8	1	53							1			
6	6	17	17	0.5		1/2	1/2	Chord	3/4	1	1	1/8		1/8	1	54							1			
6	6	35/2	35/2	0.5		5/8	5/8	Chord	3/4	1	1	1/8		1/8	1	55							1			
6	6	15	15	1.0		0	0	Chord	3/4	2	1	1/4		1/4	1	56										
6	6	16	16	1.0		1/4	1/4	Chord	3/4	2	1	1/4		1/4	1	57										
6	6	17	17	1.0		1/2	1/2	Chord	3/4	2	1	1/4		1/4	1	58										
7	7	18	18	1.5		0	0	Chord	3/4	1	1	3/8		1/4	3/2	59							1			
7	7	39/2	39/2	0.5		3/8	3/8	Chord	3/4	1	1	1/8		1/8	1	60							1			
7	7	20	20	0.5		1/2	1/2	Chord	3/4	1	1	1/8		1/8	1	61							1			
7	7	41/2	41/2	0.5		5/8	5/8	Chord	3/4	1	1	1/8		1/8	1	62							1			
7	7	18	18	1.0		0	0	Chord	3/4	2	1	1/4		1/4	1	63										
7	7	19	19	1.0		1/4	1/4	Chord	3/4	2	1	1/4		1/4	1	64										
7	7	20	20	1.0		1/2	1/2	Chord	3/4	2	1	1/4		1/4	1	65										
8	8	21	21	3.0		0	0	Chord	3/4	1	1	3/4		1/2	3/2	66										
8	8	47/2	47/2	0.0		5/8	5/8	Spanner	3/4	1	1	0												0		
8	8	21	21	2.0		0	0	Chord	3/4	1	2	1/2		1/2	1	67								0		
8	8	23	23	0.5		1/2	1/2	Chord	3/4	1	2	1/8		1/8	1	68								0		
8	8	47/2	47/2	0.5		5/8	5/8	Chord	3/4	1	2	1/8		1/8	1	69								0		
8	8	21	21	1.0		0	0	Chord	3/4	2	1	1/4		1/4	1	70										
8	8	22	22	1.0		1/4	1/4	Chord	3/4	2	1	1/4		1/4	1	71										
8	8	23	23	1.0		1/2	1/2	Chord	3/4	2	1	1/4		1/4	1	72										
9	9	24	24	1.5		0	0	Chord	3/4	1	1	3/8		1/4	3/2	73							2	0		
9	9	51/2	51/2	0.0		3/8	3/8	Spanner	3/4	1	1	0											2			
9	9	51/2	51/2	0.5		3/8	3/8	Chord	3/4	1	1	1/8		1/8	1	74							2			
9	9	26	26	0.5		1/2	1/2	Chord	3/4	1	1	1/8		1/8	1	75							2			
9	9	53/2	53/2	0.5		5/8	5/8	Chord	3/4	1	1	1/8		1/8	1	76							2			
9	9	24	24	1.0		0	0	Chord	3/4	2	1	1/4		1/4	1	77										
9	9	25	25	1.0		1/4	1/4	Chord	3/4	2	1	1/4		1/4	1	78										
9	9	26	26	1.0		1/2	1/2	Chord	3/4	2	1	1/4		1/4	1	79										
10	10	27	27	2.0		0	0	Chord	3/4	1	1	1/2		1/2	1	80										
10	10	29	29	0.5		1/2	1/2	Chord	3/4	1	1	1/8		1/8	1	81							3			
10	10	59/2	59/2	0.5		5/8	5/8	Chord	3/4	1	1	1/8		1/8	1	82							3			
10	10	27	27	1.0		0	0	Chord	3/4	2	1	1/4		1/4	1	83										
10	10	28	28	1.0		1/4	1/4	Chord	3/4	2	1	1/4		1/4	1	84										
10	10	29	29	1.0		1/2	1/2	Chord	3/4	2	1	1/4		1/4	1	85										
11	11	30	30	0.5		0	0	Chord	3/4	1	1	1/8		1/8	1	86							3			
11	11	61/2	61/2	0.5		1/8	1/8	Chord	3/4	1	1	1/8		1/8	1	87							3			
11	11	31	31	1.5		1/4	1/4	Chord	3/4	1	1	3/8		1/4	3/2	88							3			
11	11	65/2	65/2	0.5		5/8	5/8	Chord	3/4	1	1	1/8		1/8	1	89							3			
11	11	30	30	1.0		0	0	Chord	3/4	2	1	1/4		1/4	1	90										
11	11	31	31	1.0		1/4	1/4	Chord	3/4	2	1	1/4		1/4	1	91										
11	11	32	32	1.0		1/2	1/2	Chord	3/4	2	1	1/4		1/4	1	92										
12	12	33	33	2.0		0	0	Chord	3/4	1	1	1/2		1/2	1	93							3			
12	12	35	35	1.0		1/2	1/2	Chord	3/4	1	1	1/4		1/4	1	94										
12	12	33	33	1.0		0	0	Chord	3/4	1	2	1/4		1/4	1	95										
12	12	34	34	0.5		1/4	1/4	Chord	3/4	1	2	1/8		1/8	1	96										
12	12	69/2	69/2	0.5		3/8	3/8	Chord	3/4	1	2	1/8		1/8	1	97										
12	12	35	35	0.5		1/2	1/2	Chord	3/4	1	2	1/8		1/8	1	98										
12	12	71/2	71/2	0.5		5/8	5/8	Chord	3/4	1	2	1/8		1/8	1	99										
12	12	33	33	1.0		0	0	Chord	3/4	2	1	1/4		1/4	1	100										
12	12	34	34	1.0		1/4	1/4	Chord	3/4	2	1	1/4		1/4	1	101										
12	12	35	35	0.5		1/2	1/2	Chord	3/4	2	1	1/8		1/8	1	102							4			
12	12	71/2	71/2	0.5		5/8	5/8	Chord	3/4	2	1	1/8		1/8	1	103										
13	13	36	36	0.0		0	0	Chord	3/4	1	1	0	acciaccatura	1/8	1	104							5			
13	13	36	36	1.5		0	0	Chord	3/4	1	1	3/8		1/4	3/2	105							5			
13	13	75/2	75/2	0.5		3/8	3/8	Chord	3/4	1	1	1/8		1/8	1	106							5			
13	13	38	38	0.5		1/2	1/2	Chord	3/4	1	1	1/8		1/8	1	107							5			
13	13	77/2	77/2	0.5		5/8	5/8	Chord	3/4	1	1	1/8		1/8	1	108							5			
13	13	36	36	1.0		0	0	Chord	3/4	2	1	1/4		1/4	1	109										
13	13	37	37	1.0		1/4	1/4	Chord	3/4	2	1	1/4		1/4	1	110										
13	13	38	38	1.0		1/2	1/2	Chord	3/4	2	1	1/4		1/4	1	111										
14	14	39	39	0.0		0	0	Dynamic	3/4	1	1	0					mf						5			
14	14	39	39	1.5		0	0	Chord	3/4	1	1	3/8		1/4	3/2	112							5			
14	14	81/2	81/2	0.5		3/8	3/8	Chord	3/4	1	1	1/8		1/8	1	113							5			
14	14	41	41	0.5		1/2	1/2	Chord	3/4	1	1	1/8		1/8	1	114							5			
14	14	83/2	83/2	0.5		5/8	5/8	Chord	3/4	1	1	1/8		1/8	1	115							5			
14	14	39	39	1.0		0	0	Chord	3/4	2	1	1/4		1/4	1	116										
14	14	40	40	1.0		1/4	1/4	Chord	3/4	2	1	1/4		1/4	1	117										
14	14	41	41	1.0		1/2	1/2	Chord	3/4	2	1	1/4		1/4	1	118										
15	15	42	42	0.0		0	0	Spanner	3/4	1	1	0											5			0
15	15	42	42	1.5		0	0	Chord	3/4	1	1	3/8		1/4	3/2	119							5			0
15	15	87/2	87/2	0.5		3/8	3/8	Chord	3/4	1	1	1/8		1/8	1	120							5			0
15	15	44	44	0.5		1/2	1/2	Chord	3/4	1	1	1/8		1/8	1	121							5			0
15	15	89/2	89/2	0.5		5/8	5/8	Chord	3/4	1	1	1/8		1/8	1	122							5			0
15	15	42	42	1.0		0	0	Chord	3/4	2	1	1/4		1/4	1	123										
15	15	43	43	1.0		1/4	1/4	Chord	3/4	2	1	1/4		1/4	1	124										
15	15	44	44	1.0		1/2	1/2	Chord	3/4	2	1	1/4		1/4	1	125										
16	16	45	45	0.0		0	0	Dynamic	3/4	1	1	0					p						5			
16	16	45	45	0.0		0	0	Spanner	3/4	1	1	0											5			
16	16	45	45	2.0		0	0	Chord	3/4	1	1	1/2		1/2	1	126							5			
16	16	47	47	0.5		1/2	1/2	Chord	3/4	1	1	1/8		1/8	1	127							5			
16	16	95/2	95/2	0.0		5/8	5/8	Spanner	3/4	1	1	0												1		
16	16	95/2	95/2	0.5		5/8	5/8	Chord	3/4	1	1	1/8		1/8	1	128								1		
16	16	45	45	1.0		0	0	Chord	3/4	2	1	1/4		1/4	1	129										
16	16	46	46	1.0		1/4	1/4	Chord	3/4	2	1	1/4		1/4	1	130										
16	16	47	47	1.0		1/2	1/2	Chord	3/4	2	1	1/4		1/4	1	131										
17	17	48	48	1.5		0	0	Chord	3/4	1	1	3/8		1/4	3/2	132							6	1		
17	17	99/2	99/2	0.0		3/8	3/8	Spanner	3/4	1	1	0											6			
17	17	99/2	99/2	0.5		3/8	3/8	Chord	3/4	1	1	1/8		1/8	1	133							6			
17	17	50	50	0.5		1/2	1/2	Chord	3/4	1	1	1/8		1/8	1	134							6			
17	17	101/2	101/2	0.5		5/8	5/8	Chord	3/4	1	1	1/8		1/8	1	135							6			
17	17	48	48	1.0		0	0	Chord	3/4	2	1	1/4		1/4	1	136										
17	17	49	49	1.0		1/4	1/4	Chord	3/4	2	1	1/4		1/4	1	137										
17	17	50	50	1.0		1/2	1/2	Chord	3/4	2	1	1/4		1/4	1	138										
18	18	51	51	2.0		0	0	Chord	3/4	1	1	1/2		1/2	1	139							6			
18	18	53	53	1.0		1/2	1/2	Chord	3/4	1	1	1/4		1/4	1	140							6			
18	18	51	51	1.5		0	0	Chord	3/4	1	2	3/8		1/4	3/2	141										
18	18	105/2	105/2	0.5		3/8	3/8	Chord	3/4	1	2	1/8		1/8	1	142										
18	18	53	53	0.5		1/2	1/2	Chord	3/4	1	2	1/8		1/8	1	143										
18	18	107/2	107/2	0.5		5/8	5/8	Chord	3/4	1	2	1/8		1/8	1	144										
18	18	51	51	1.0		0	0	Chord	3/4	2	1	1/4		1/4	1	145										
18	18	52	52	1.0		1/4	1/4	Chord	3/4	2	1	1/4		1/4	1	146										
18	18	53	53	1.0		1/2	1/2	Chord	3/4	2	1	1/4		1/4	1	147										
19	19	54	54	3.0		0	0	Chord	3/4	1	1	3/4		1/2	3/2	148							6			
19	19	54	54	1.5		0	0	Chord	3/4	1	2	3/8		1/4	3/2	149										
19	19	111/2	111/2	0.5		3/8	3/8	Chord	3/4	1	2	1/8		1/8	1	150										
19	19	56	56	0.5		1/2	1/2	Chord	3/4	1	2	1/8		1/8	1	151										
19	19	113/2	113/2	0.5		5/8	5/8	Chord	3/4	1	2	1/8		1/8	1	152										
19	19	54	54	1.0		0	0	Chord	3/4	2	1	1/4		1/4	1	153										
19	19	55	55	1.0		1/4	1/4	Chord	3/4	2	1	1/4		1/4	1	154										
19	19	56	56	1.0		1/2	1/2	Chord	3/4	2	1	1/4		1/4	1	155										
20	20	57	57	3.0		0	0	Chord	3/4	1	1	3/4		1/2	3/2	156										
20	20	57	57	3.0		0	0	Chord	3/4	1	2	3/4		1/2	3/2	157										
20	20	57	57	1.0		0	0	Chord	3/4	2	1	1/4		1/4	1	158										
20	20	58	58	1.0		1/4	1/4	Chord	3/4	2	1	1/4		1/4	1	159										
20	20	59	59	1.0		1/2	1/2	Chord	3/4	2	1	1/4		1/4	1	160										
21	21	61	61	0.5		1/4	1/4	Chord	3/4	1	1	1/8		1/8	1	161							7			
21	21	123/2	123/2	0.5		3/8	3/8	Chord	3/4	1	1	1/8		1/8	1	162							7			
21	21	62	62	0.0		1/2	1/2	StaffText	3/4	1	1	0							semplice				7			
21	21	62	62	0.5		1/2	1/2	Chord	3/4	1	1	1/8		1/8	1	163							7			
21	21	125/2	125/2	0.5		5/8	5/8	Chord	3/4	1	1	1/8		1/8	1	164							7			
21	21	60	60	1.0		0	0	Chord	3/4	2	1	1/4		1/4	1	165										
21	21	61	61	1.0		1/4	1/4	Chord	3/4	2	1	1/4		1/4	1	166										
21	21	62	62	1.0		1/2	1/2	Chord	3/4	2	1	1/4		1/4	1	167										
22	22	63	63	2.0		0	0	Chord	3/4	1	1	1/2		1/2	1	168							7			
22	22	65	65	0.5		1/2	1/2	Chord	3/4	1	1	1/8		1/8	1	169							7			
22	22	131/2	131/2	0.5		5/8	5/8	Chord	3/4	1	1	1/8		1/8	1	170							7			
22	22	63	63	1.0		0	0	Chord	3/4	2	1	1/4		1/4	1	171										
22	22	64	64	1.0		1/4	1/4	Chord	3/4	2	1	1/4		1/4	1	172										
22	22	65	65	1.0		1/2	1/2	Chord	3/4	2	1	1/4		1/4	1	173										
23	23	66	66	1.0		0	0	Chord	3/4	1	1	1/4		1/4	1	174							7			
23	23	67	67	0.5		1/4	1/4	Chord	3/4	1	1	1/8		1/8	1	175							7			
23	23	135/2	135/2	0.5		3/8	3/8	Chord	3/4	1	1	1/8		1/8	1	176							7			
23	23	68	68	0.5		1/2	1/2	Chord	3/4	1	1	1/8		1/8	1	177							7			
23	23	137/2	137/2	0.5		5/8	5/8	Chord	3/4	1	1	1/8		1/8	1	178										
23	23	66	66	1.0		0	0	Chord	3/4	2	1	1/4		1/4	1	179										
23	23	67	67	1.0		1/4	1/4	Chord	3/4	2	1	1/4		1/4	1	180										
23	23	68	68	1.0		1/2	1/2	Chord	3/4	2	1	1/4		1/4	1	181										
24	24	69	69	3.0		0	0	Chord	3/4	1	1	3/4		1/2	3/2	182										
24	24	69	69	1.0		0	0	Chord	3/4	2	1	1/4		1/4	1	183										
24	24	70	70	1.0		1/4	1/4	Chord	3/4	2	1	1/4		1/4	1	184										
24	24	71	71	1.0		1/2	1/2	Chord	3/4	2	1	1/4		1/4	1	185										
25	25	72	72	0.5		0	0	Chord	3/4	1	1	1/8		1/8	1	186										
25	25	145/2	145/2	0.5		1/8	1/8	Chord	3/4	1	1	1/8		1/8	1	187							8			
25	25	73	73	0.5		1/4	1/4	Chord	3/4	1	1	1/8		1/8	1	188							8			
25	25	147/2	147/2	0.5		3/8	3/8	Chord	3/4	1	1	1/8		1/8	1	189							8			
25	25	74	74	0.5		1/2	1/2	Chord	3/4	1	1	1/8		1/8	1	190							8			
25	25	149/2	149/2	0.5		5/8	5/8	Chord	3/4	1	1	1/8		1/8	1	191							8			
25	25	72	72	1.0		0	0	Chord	3/4	2	1	1/4		1/4	1	192										
25	25	73	73	1.0		1/4	1/4	Chord	3/4	2	1	1/4		1/4	1	193										
25	25	74	74	1.0		1/2	1/2	Chord	3/4	2	1	1/4		1/4	1	194										
26	26	75	75	2.0		0	0	Chord	3/4	1	1	1/2		1/2	1	195							8			
26	26	77	77	0.5		1/2	1/2	Chord	3/4	1	1	1/8		1/8	1	196							8			
26	26	155/2	155/2	0.5		5/8	5/8	Chord	3/4	1	1	1/8		1/8	1	197							8			
26	26	75	75	1.0		0	0	Chord	3/4	2	1	1/4		1/4	1	198										
26	26	76	76	1.0		1/4	1/4	Chord	3/4	2	1	1/4		1/4	1	199										
26	26	77	77	1.0		1/2	1/2	Chord	3/4	2	1	1/4		1/4	1	200										
27	27	78	78	2.0		0	0	Chord	3/4	1	1	1/2		1/2	1	201							8			
27	27	80	80	1.0		1/2	1/2	Chord	3/4	1	1	1/4		1/4	1	202							8			
27	27	78	78	1.0		0	0	Chord	3/4	1	2	1/4		1/4	1	203										
27	27	79	79	0.5		1/4	1/4	Chord	3/4	1	2	1/8		1/8	1	204										
27	27	159/2	159/2	0.5		3/8	3/8	Chord	3/4	1	2	1/8		1/8	1	205										
27	27	80	80	0.5		1/2	1/2	Chord	3/4	1	2	1/8		1/8	1	206										
27	27	161/2	161/2	0.5		5/8	5/8	Chord	3/4	1	2	1/8		1/8	1	207										
27	27	78	78	1.0		0	0	Chord	3/4	2	1	1/4		1/4	1	208										
27	27	79	79	1.0		1/4	1/4	Chord	3/4	2	1	1/4		1/4	1	209										
27	27	80	80	1.0		1/2	1/2	Chord	3/4	2	1	1/4		1/4	1	210										
28	28	81	81	0.5		0	0	Chord	3/4	1	1	1/8		1/8	1	211							8			
28	28	163/2	163/2	0.5		1/8	1/8	Chord	3/4	1	1	1/8		1/8	1	212							8			
28	28	82	82	0.5		1/4	1/4	Chord	3/4	1	1	1/8		1/8	1	213							8			
28	28	165/2	165/2	0.5		3/8	3/8	Chord	3/4	1	1	1/8		1/8	1	214							8			
28	28	83	83	1.0		1/2	1/2	Chord	3/4	1	1	1/4		1/4	1	215							8			
28	28	81	81	2.0		0	0	Chord	3/4	1	2	1/2		1/2	1	216										
28	28	83	83	0.5		1/2	1/2	Chord	3/4	1	2	1/8		1/8	1	217										
28	28	167/2	167/2	0.5		5/8	5/8	Chord	3/4	1	2	1/8		1/8	1	218										
28	28	81	81	1.0		0	0	Chord	3/4	2	1	1/4		1/4	1	219										
28	28	82	82	1.0		1/4	1/4	Chord	3/4	2	1	1/4		1/4	1	220										
28	28	83	83	1.0		1/2	1/2	Chord	3/4	2	1	1/4		1/4	1	221										
29	29	84	84	0.0		0	0	Spanner	3/4	1	1	0													0	
29	29	169/2	169/2	1.0		1/8	1/8	Chord	3/4	1	1	1/4		1/4	1	222							9		0	
29	29	171/2	171/2	0.5		3/8	3/8	Chord	3/4	1	1	1/8		1/8	1	223							9		0	
29	29	86	86	0.5		1/2	1/2	Chord	3/4	1	1	1/8		1/8	1	224							9		0	
29	29	173/2	173/2	0.5		5/8	5/8	Chord	3/4	1	1	1/8		1/8	1	225									0	
29	29	84	84	1.0		0	0	Chord	3/4	2	1	1/4		1/4	1	226										
29	29	85	85	1.0		1/4	1/4	Chord	3/4	2	1	1/4		1/4	1	227										
29	29	86	86	1.0		1/2	1/2	Chord	3/4	2	1	1/4		1/4	1	228										
30	30	87	87	0.0		0	0	Dynamic	3/4	1	1	0					mf									
30	30	87	87	0.0		0	0	Spanner	3/4	1	1	0														
30	30	87	87	1.5		0	0	Chord	3/4	1	1	3/8		1/4	3/2	229							10			
30	30	177/2	177/2	0.5		3/8	3/8	Chord	3/4	1	1	1/8		1/8	1	230							10			
30	30	89	89	0.5		1/2	1/2	Chord	3/4	1	1	1/8		1/8	1	231							10			
30	30	179/2	179/2	0.5		5/8	5/8	Chord	3/4	1	1	1/8		1/8	1	232							10			
30	30	87	87	1.0		0	0	Chord	3/4	2	1	1/4		1/4	1	233										
30	30	88	88	1.0		1/4	1/4	Chord	3/4	2	1	1/4		1/4	1	234										
30	30	89	89	1.0		1/2	1/2	Chord	3/4	2	1	1/4		1/4	1	235										
31	31	90	90	0.0		0	0	Spanner	3/4	1	1	0											10			1
31	31	90	90	1.5		0	0	Chord	3/4	1	1	3/8		1/4	3/2	236							10			1
31	31	183/2	183/2	0.5		3/8	3/8	Chord	3/4	1	1	1/8		1/8	1	237							10			1
31	31	92	92	0.5		1/2	1/2	Chord	3/4	1	1	1/8		1/8	1	238							10			1
31	31	185/2	185/2	0.5		5/8	5/8	Chord	3/4	1	1	1/8		1/8	1	239							10			1
31	31	90	90	1.0		0	0	Chord	3/4	2	1	1/4		1/4	1	240										
31	31	91	91	1.0		1/4	1/4	Chord	3/4	2	1	1/4		1/4	1	241										
31	31	92	92	1.0		1/2	1/2	Chord	3/4	2	1	1/4		1/4	1	242										
32	32	93	93	0.0		0	0	Spanner	3/4	1	1	0											10			
32	32	93	93	2.0		0	0	Chord	3/4	1	1	1/2		1/2	1	243							10			
32	32	95	95	0.5		1/2	1/2	Chord	3/4	1	1	1/8		1/8	1	244							10			
32	32	191/2	191/2	0.0		5/8	5/8	Spanner	3/4	1	1	0												2		
32	32	191/2	191/2	0.5		5/8	5/8	Chord	3/4	1	1	1/8		1/8	1	245								2		
32	32	93	93	1.0		0	0	Chord	3/4	2	1	1/4		1/4	1	246										
32	32	94	94	1.0		1/4	1/4	Chord	3/4	2	1	1/4		1/4	1	247										
32	32	95	95	1.0		1/2	1/2	Chord	3/4	2	1	1/4		1/4	1	248										
33	33	96	96	0.0		0	0	Dynamic	3/4	1	1	0					p							2		
33	33	96	96	1.5		0	0	Chord	3/4	1	1	3/8		1/4	3/2	249							11	2		
33	33	195/2	195/2	0.0		3/8	3/8	Spanner	3/4	1	1	0											11			
33	33	195/2	195/2	0.5		3/8	3/8	Chord	3/4	1	1	1/8		1/8	1	250							11			
33	33	98	98	0.5		1/2	1/2	Chord	3/4	1	1	1/8		1/8	1	251							11			
33	33	197/2	197/2	0.5		5/8	5/8	Chord	3/4	1	1	1/8		1/8	1	252							11			
33	33	96	96	1.0		0	0	Chord	3/4	2	1	1/4		1/4	1	253										
33	33	97	97	1.0		1/4	1/4	Chord	3/4	2	1	1/4		1/4	1	254										
33	33	98	98	1.0		1/2	1/2	Chord	3/4	2	1	1/4		1/4	1	255										
34	34	99	99	2.0		0	0	Chord	3/4	1	1	1/2		1/2	1	256							11			
34	34	101	101	1.0		1/2	1/2	Chord	3/4	1	1	1/4		1/4	1	257							11			
34	34	99	99	1.5		0	0	Chord	3/4	1	2	3/8		1/4	3/2	258										
34	34	201/2	201/2	0.5		3/8	3/8	Chord	3/4	1	2	1/8		1/8	1	259										
34	34	101	101	0.5		1/2	1/2	Chord	3/4	1	2	1/8		1/8	1	260										
34	34	203/2	203/2	0.5		5/8	5/8	Chord	3/4	1	2	1/8		1/8	1	261										
34	34	99	99	1.0		0	0	Chord	3/4	2	1	1/4		1/4	1	262										
34	34	100	100	1.0		1/4	1/4	Chord	3/4	2	1	1/4		1/4	1	263										
34	34	101	101	1.0		1/2	1/2	Chord	3/4	2	1	1/4		1/4	1	264										
35	35	102	102	3.0		0	0	Chord	3/4	1	1	3/4		1/2	3/2	265							11			
35	35	102	102	1.5		0	0	Chord	3/4	1	2	3/8		1/4	3/2	266										
35	35	207/2	207/2	0.5		3/8	3/8	Chord	3/4	1	2	1/8		1/8	1	267										
35	35	104	104	0.5		1/2	1/2	Chord	3/4	1	2	1/8		1/8	1	268										
35	35	209/2	209/2	0.5		5/8	5/8	Chord	3/4	1	2	1/8		1/8	1	269										
35	35	102	102	1.0		0	0	Chord	3/4	2	1	1/4		1/4	1	270										
35	35	103	103	1.0		1/4	1/4	Chord	3/4	2	1	1/4		1/4	1	271										
35	35	104	104	1.0		1/2	1/2	Chord	3/4	2	1	1/4		1/4	1	272										
36	36	105	105	3.0		0	0	Chord	3/4	1	1	3/4		1/2	3/2	273										
36	36	105	105	3.0		0	0	Chord	3/4	1	2	3/4		1/2	3/2	274										
36	36	105	105	1.0		0	0	Chord	3/4	2	1	1/4		1/4	1	275										
36	36	106	106	1.0		1/4	1/4	Chord	3/4	2	1	1/4		1/4	1	276										
36	36	107	107	1.0		1/2	1/2	Chord	3/4	2	1	1/4		1/4	1	277										
37	37	108	108	0.16666666666666666		0	0	Chord	3/4	1	1	1/24		1/16	2/3	278							12			
37	37	649/6	649/6	0.16666666666666666		1/24	1/24	Chord	3/4	1	1	1/24		1/16	2/3	279							12			
37	37	325/3	325/3	0.16666666666666666		1/12	1/12	Chord	3/4	1	1	1/24		1/16	2/3	280							12			
37	37	217/2	217/2	0.5		1/8	1/8	Chord	3/4	1	1	1/8		1/8	1	281							12			
37	37	109	109	1.5		1/4	1/4	Chord	3/4	1	1	3/8		1/4	3/2	282										
37	37	221/2	221/2	0.0		5/8	5/8	StaffText	3/4	1	1	0							grazioso							
37	37	221/2	221/2	0.5		5/8	5/8	Chord	3/4	1	1	1/8		1/8	1	283							13			
37	37	108	108	1.0		0	0	Chord	3/4	2	1	1/4		1/4	1	284										
37	37	109	109	1.0		1/4	1/4	Chord	3/4	2	1	1/4		1/4	1	285										
37	37	110	110	1.0		1/2	1/2	Chord	3/4	2	1	1/4		1/4	1	286										
38	38	111	111	2.0		0	0	Chord	3/4	1	1	1/2		1/2	1	287							13			
38	38	113	113	0.5		1/2	1/2	Chord	3/4	1	1	1/8		1/8	1	288										
38	38	227/2	227/2	0.5		5/8	5/8	Chord	3/4	1	1	1/8		1/8	1	289							14			
38	38	111	111	1.0		0	0	Chord	3/4	2	1	1/4		1/4	1	290										
38	38	112	112	1.0		1/4	1/4	Chord	3/4	2	1	1/4		1/4	1	291										
38	38	113	113	1.0		1/2	1/2	Chord	3/4	2	1	1/4		1/4	1	292										
39	39	114	114	1.5		0	0	Chord	3/4	1	1	3/8		1/4	3/2	293							14			
39	39	231/2	231/2	0.5		3/8	3/8	Chord	3/4	1	1	1/8		1/8	1	294							14			
39	39	116	116	0.5		1/2	1/2	Chord	3/4	1	1	1/8		1/8	1	295							14			
39	39	233/2	233/2	0.5		5/8	5/8	Chord	3/4	1	1	1/8		1/8	1	296							14			
39	39	114	114	1.0		0	0	Chord	3/4	2	1	1/4		1/4	1	297										
39	39	115	115	1.0		1/4	1/4	Chord	3/4	2	1	1/4		1/4	1	298										
39	39	116	116	1.0		1/2	1/2	Chord	3/4	2	1	1/4		1/4	1	299										
40	40	117	117	3.0		0	0	Chord	3/4	1	1	3/4		1/2	3/2	300										
40	40	117	117	1.0		0	0	Chord	3/4	2	1	1/4		1/4	1	301										
40	40	118	118	1.0		1/4	1/4	Chord	3/4	2	1	1/4		1/4	1	302										
40	40	119	119	1.0		1/2	1/2	Chord	3/4	2	1	1/4		1/4	1	303										
41	41	120	120	1.5		0	0	Chord	3/4	1	1	3/8		1/4	3/2	304							15			
41	41	243/2	243/2	0.5		3/8	3/8	Chord	3/4	1	1	1/8		1/8	1	305							15			
41	41	122	122	0.5		1/2	1/2	Chord	3/4	1	1	1/8		1/8	1	306							15			
41	41	245/2	245/2	0.5		5/8	5/8	Chord	3/4	1	1	1/8		1/8	1	307							15			
41	41	120	120	1.0		0	0	Chord	3/4	2	1	1/4		1/4	1	308										
41	41	121	121	1.0		1/4	1/4	Chord	3/4	2	1	1/4		1/4	1	309										
41	41	122	122	1.0		1/2	1/2	Chord	3/4	2	1	1/4		1/4	1	310										
42	42	123	123	2.0		0	0	Chord	3/4	1	1	1/2		1/2	1	311										
42	42	125	125	1.0		1/2	1/2	Chord	3/4	1	1	1/4		1/4	1	312							16			
42	42	125	125	0.5		1/2	1/2	Chord	3/4	1	2	1/8		1/8	1	313										
42	42	251/2	251/2	0.25		5/8	5/8	Chord	3/4	1	2	1/16		1/16	1	314										
42	42	503/4	503/4	0.25		11/16	11/16	Chord	3/4	1	2	1/16		1/16	1	315										
42	42	123	123	1.0		0	0	Chord	3/4	2	1	1/4		1/4	1	316										
42	42	124	124	1.0		1/4	1/4	Chord	3/4	2	1	1/4		1/4	1	317										
42	42	125	125	1.0		1/2	1/2	Chord	3/4	2	1	1/4		1/4	1	318										
43	43	126	126	1.5		0	0	Chord	3/4	1	1	3/8		1/4	3/2	319							16			
43	43	255/2	255/2	0.5		3/8	3/8	Chord	3/4	1	1	1/8		1/8	1	320							16			
43	43	128	128	0.5		1/2	1/2	Chord	3/4	1	1	1/8		1/8	1	321							16			
43	43	257/2	257/2	0.5		5/8	5/8	Chord	3/4	1	1	1/8		1/8	1	322							16			
43	43	126	126	1.0		0	0	Chord	3/4	2	1	1/4		1/4	1	323										
43	43	127	127	1.0		1/4	1/4	Chord	3/4	2	1	1/4		1/4	1	324										
43	43	128	128	1.0		1/2	1/2	Chord	3/4	2	1	1/4		1/4	1	325										
44	44	129	129	3.0		0	0	Chord	3/4	1	1	3/4		1/2	3/2	326										
44	44	129	129	1.0		0	0	Chord	3/4	2	1	1/4		1/4	1	327										
44	44	130	130	1.0		1/4	1/4	Chord	3/4	2	1	1/4		1/4	1	328										
44	44	131	131	1.0		1/2	1/2	Chord	3/4	2	1	1/4		1/4	1	329										
45	45	132	132	0.16666666666666666		0	0	Chord	3/4	1	1	1/24		1/16	2/3	330							17			
45	45	793/6	793/6	0.16666666666666666		1/24	1/24	Chord	3/4	1	1	1/24		1/16	2/3	331							17			
45	45	397/3	397/3	0.16666666666666666		1/12	1/12	Chord	3/4	1	1	1/24		1/16	2/3	332							17			
45	45	265/2	265/2	0.5		1/8	1/8	Chord	3/4	1	1	1/8		1/8	1	333							17			
45	45	133	133	1.5		1/4	1/4	Chord	3/4	1	1	3/8		1/4	3/2	334										
45	45	269/2	269/2	0.5		5/8	5/8	Chord	3/4	1	1	1/8		1/8	1	335							18			
45	45	132	132	1.0		0	0	Chord	3/4	2	1	1/4		1/4	1	336										
45	45	133	133	1.0		1/4	1/4	Chord	3/4	2	1	1/4		1/4	1	337										
45	45	134	134	1.0		1/2	1/2	Chord	3/4	2	1	1/4		1/4	1	338										
46	46	135	135	2.0		0	0	Chord	3/4	1	1	1/2		1/2	1	339							18			
46	46	137	137	0.5		1/2	1/2	Chord	3/4	1	1	1/8		1/8	1	340										
46	46	275/2	275/2	0.5		5/8	5/8	Chord	3/4	1	1	1/8		1/8	1	341							19			
46	46	135	135	1.0		0	0	Chord	3/4	2	1	1/4		1/4	1	342										
46	46	136	136	1.0		1/4	1/4	Chord	3/4	2	1	1/4		1/4	1	343										
46	46	137	137	1.0		1/2	1/2	Chord	3/4	2	1	1/4		1/4	1	344										
47	47	138	138	1.5		0	0	Chord	3/4	1	1	3/8		1/4	3/2	345							19			
47	47	279/2	279/2	0.5		3/8	3/8	Chord	3/4	1	1	1/8		1/8	1	346							19			
47	47	140	140	0.5		1/2	1/2	Chord	3/4	1	1	1/8		1/8	1	347							19			
47	47	281/2	281/2	0.5		5/8	5/8	Chord	3/4	1	1	1/8		1/8	1	348										
47	47	138	138	1.0		0	0	Chord	3/4	2	1	1/4		1/4	1	349										
47	47	139	139	1.0		1/4	1/4	Chord	3/4	2	1	1/4		1/4	1	350										
47	47	140	140	1.0		1/2	1/2	Chord	3/4	2	1	1/4		1/4	1	351										
48	48	141	141	2.0		0	0	Chord	3/4	1	1	1/2		1/2	1	352										
48	48	143	143	0.5		1/2	1/2	Chord	3/4	1	1	1/8		1/8	1	353										
48	48	287/2	287/2	0.5		5/8	5/8	Chord	3/4	1	1	1/8		1/8	1	354							20			
48	48	141	141	1.0		0	0	Chord	3/4	2	1	1/4		1/4	1	355										
48	48	142	142	1.0		1/4	1/4	Chord	3/4	2	1	1/4		1/4	1	356										
48	48	143	143	1.0		1/2	1/2	Chord	3/4	2	1	1/4		1/4	1	357										
49	49	144	144	1.5		0	0	Chord	3/4	1	1	3/8		1/4	3/2	358							20			
49	49	291/2	291/2	0.5		3/8	3/8	Chord	3/4	1	1	1/8		1/8	1	359							20			
49	49	146	146	0.5		1/2	1/2	Chord	3/4	1	1	1/8		1/8	1	360							20			
49	49	293/2	293/2	0.5		5/8	5/8	Chord	3/4	1	1	1/8		1/8	1	361							20			
49	49	144	144	1.0		0	0	Chord	3/4	2	1	1/4		1/4	1	362										
49	49	145	145	1.0		1/4	1/4	Chord	3/4	2	1	1/4		1/4	1	363										
49	49	146	146	1.0		1/2	1/2	Chord	3/4	2	1	1/4		1/4	1	364										
50	50	147	147	2.0		0	0	Chord	3/4	1	1	1/2		1/2	1	365										
50	50	149	149	1.0		1/2	1/2	Chord	3/4	1	1	1/4		1/4	1	366							21			
50	50	147	147	1.0		0	0	Chord	3/4	2	1	1/4		1/4	1	367										
50	50	148	148	1.0		1/4	1/4	Chord	3/4	2	1	1/4		1/4	1	368										
50	50	149	149	1.0		1/2	1/2	Chord	3/4	2	1	1/4		1/4	1	369										
51	51	150	150	0.5		0	0	Chord	3/4	1	1	1/8		1/8	1	370							21			
51	51	301/2	301/2	0.5		1/8	1/8	Chord	3/4	1	1	1/8		1/8	1	371							21			
51	51	151	151	2.0		1/4	1/4	Chord	3/4	1	1	1/2		1/2	1	372							21			
51	51	151	151	0.5		1/4	1/4	Chord	3/4	1	2	1/8		1/8	1	373										
51	51	303/2	303/2	0.5		3/8	3/8	Chord	3/4	1	2	1/8		1/8	1	374										
51	51	152	152	0.5		1/2	1/2	Chord	3/4	1	2	1/8		1/8	1	375										
51	51	305/2	305/2	0.5		5/8	5/8	Chord	3/4	1	2	1/8		1/8	1	376										
51	51	150	150	1.0		0	0	Chord	3/4	2	1	1/4		1/4	1	377										
51	51	151	151	1.0		1/4	1/4	Chord	3/4	2	1	1/4		1/4	1	378										
51	51	152	152	1.0		1/2	1/2	Chord	3/4	2	1	1/4		1/4	1	379										
52	52	153	153	0.0		0	0	Spanner	3/4	1	1	0											21		1	
52	52	153	153	2.0		0	0	Chord	3/4	1	1	1/2		1/2	1	380							21		1	
52	52	155	155	1.0		1/2	1/2	Chord	3/4	1	1	1/4		1/4	1	381									1	
52	52	153	153	1.0		0	0	Chord	3/4	1	2	1/4		1/4	1	382									1	
52	52	154	154	1.0		1/4	1/4	Chord	3/4	1	2	1/4		1/4	1	383									1	
52	52	155	155	1.0		1/2	1/2	Chord	3/4	1	2	1/4		1/4	1	384									1	
52	52	153	153	1.0		0	0	Chord	3/4	2	1	1/4		1/4	1	385										
52	52	154	154	1.0		1/4	1/4	Chord	3/4	2	1	1/4		1/4	1	386										
52	52	155	155	1.0		1/2	1/2	Chord	3/4	2	1	1/4		1/4	1	387										
53	53	156	156	0.0		0	0	StaffText	3/4	1	1	0							sub.¬†<b>p</b>							
53	53	156	156	0.0		0	0	Spanner	3/4	1	1	0														
53	53	156	156	1.5		0	0	Chord	3/4	1	1	3/8		1/4	3/2	388							22			
53	53	315/2	315/2	0.5		3/8	3/8	Chord	3/4	1	1	1/8		1/8	1	389							22			
53	53	158	158	0.5		1/2	1/2	Chord	3/4	1	1	1/8		1/8	1	390							22			
53	53	317/2	317/2	0.5		5/8	5/8	Chord	3/4	1	1	1/8		1/8	1	391							22			
53	53	156	156	1.0		0	0	Chord	3/4	2	1	1/4		1/4	1	392										
53	53	157	157	1.0		1/4	1/4	Chord	3/4	2	1	1/4		1/4	1	393										
53	53	158	158	1.0		1/2	1/2	Chord	3/4	2	1	1/4		1/4	1	394										
54	54	159	159	2.0		0	0	Chord	3/4	1	1	1/2		1/2	1	395							22			
54	54	161	161	1.0		1/2	1/2	Chord	3/4	1	1	1/4		1/4	1	396							22			
54	54	159	159	1.0		0	0	Chord	3/4	2	1	1/4		1/4	1	397										
54	54	160	160	1.0		1/4	1/4	Chord	3/4	2	1	1/4		1/4	1	398										
54	54	161	161	1.0		1/2	1/2	Chord	3/4	2	1	1/4		1/4	1	399										
55	55	162	162	0.5		0	0	Chord	3/4	1	1	1/8		1/8	1	400							22			
55	55	325/2	325/2	0.5		1/8	1/8	Chord	3/4	1	1	1/8		1/8	1	401							22			
55	55	163	163	2.0		1/4	1/4	Chord	3/4	1	1	1/2		1/2	1	402							22			
55	55	162	162	0.5		0	0	Chord	3/4	1	2	1/8		1/8	1	403										
55	55	325/2	325/2	0.5		1/8	1/8	Chord	3/4	1	2	1/8		1/8	1	404										
55	55	163	163	1.5		1/4	1/4	Chord	3/4	1	2	3/8		1/4	3/2	405										
55	55	329/2	329/2	0.5		5/8	5/8	Chord	3/4	1	2	1/8		1/8	1	406										
55	55	162	162	1.0		0	0	Chord	3/4	2	1	1/4		1/4	1	407										
55	55	163	163	1.0		1/4	1/4	Chord	3/4	2	1	1/4		1/4	1	408										
55	55	164	164	1.0		1/2	1/2	Chord	3/4	2	1	1/4		1/4	1	409										
56	56	165	165	3.0		0	0	Chord	3/4	1	1	3/4		1/2	3/2	410							22			
56	56	165	165	2.0		0	0	Chord	3/4	1	2	1/2		1/2	1	411										
56	56	167	167	0.5		1/2	1/2	Chord	3/4	1	2	1/8		1/8	1	412										
56	56	335/2	335/2	0.25		5/8	5/8	Chord	3/4	1	2	1/16		1/16	1	413										
56	56	671/4	671/4	0.25		11/16	11/16	Chord	3/4	1	2	1/16		1/16	1	414										
56	56	165	165	1.0		0	0	Chord	3/4	2	1	1/4		1/4	1	415										
56	56	166	166	1.0		1/4	1/4	Chord	3/4	2	1	1/4		1/4	1	416										
56	56	167	167	1.0		1/2	1/2	Chord	3/4	2	1	1/4		1/4	1	417										
57	57	168	168	1.5		0	0	Chord	3/4	1	1	3/8		1/4	3/2	418										
57	57	339/2	339/2	0.5		3/8	3/8	Chord	3/4	1	1	1/8		1/8	1	419							23			
57	57	170	170	0.5		1/2	1/2	Chord	3/4	1	1	1/8		1/8	1	420							23			
57	57	341/2	341/2	0.5		5/8	5/8	Chord	3/4	1	1	1/8		1/8	1	421							23			
57	57	168	168	1.0		0	0	Chord	3/4	2	1	1/4		1/4	1	422										
57	57	169	169	1.0		1/4	1/4	Chord	3/4	2	1	1/4		1/4	1	423										
57	57	170	170	1.0		1/2	1/2	Chord	3/4	2	1	1/4		1/4	1	424										
58	58	171	171	2.0		0	0	Chord	3/4	1	1	1/2		1/2	1	425							23			
58	58	173	173	1.0		1/2	1/2	Chord	3/4	1	1	1/4		1/4	1	426							23			
58	58	171	171	1.0		0	0	Chord	3/4	2	1	1/4		1/4	1	427										
58	58	172	172	1.0		1/4	1/4	Chord	3/4	2	1	1/4		1/4	1	428										
58	58	173	173	1.0		1/2	1/2	Chord	3/4	2	1	1/4		1/4	1	429										
59	59	174	174	0.5		0	0	Chord	3/4	1	1	1/8		1/8	1	430							23			
59	59	349/2	349/2	0.5		1/8	1/8	Chord	3/4	1	1	1/8		1/8	1	431							23			
59	59	175	175	2.0		1/4	1/4	Chord	3/4	1	1	1/2		1/2	1	432							23			
59	59	174	174	1.0		0	0	Chord	3/4	2	1	1/4		1/4	1	433										
59	59	175	175	1.0		1/4	1/4	Chord	3/4	2	1	1/4		1/4	1	434										
59	59	176	176	1.0		1/2	1/2	Chord	3/4	2	1	1/4		1/4	1	435										
60	60	177	177	1.0		0	0	Chord	3/4	1	1	1/4		1/4	1	436							23			
60	60	178	178	0.0		1/4	1/4	Chord	3/4	1	1	0	grace16	1/16	1	437							23			
60	60	178	178	0.0		1/4	1/4	Chord	3/4	1	1	0	grace16	1/16	1	438							23			
60	60	178	178	1.0		1/4	1/4	Chord	3/4	1	1	1/4		1/4	1	439							23			
60	60	179	179	1.0		1/2	1/2	Chord	3/4	1	1	1/4		1/4	1	440										
60	60	177	177	1.0		0	0	Chord	3/4	2	1	1/4		1/4	1	441										
60	60	178	178	1.0		1/4	1/4	Chord	3/4	2	1	1/4		1/4	1	442										
60	60	179	179	1.0		1/2	1/2	Chord	3/4	2	1	1/4		1/4	1	443										
61	61	180	180	0.16666666666666666		0	0	Chord	3/4	1	1	1/24		1/16	2/3	444							24			
61	61	1081/6	1081/6	0.16666666666666666		1/24	1/24	Chord	3/4	1	1	1/24		1/16	2/3	445							24			
61	61	541/3	541/3	0.16666666666666666		1/12	1/12	Chord	3/4	1	1	1/24		1/16	2/3	446							24			
61	61	361/2	361/2	0.5		1/8	1/8	Chord	3/4	1	1	1/8		1/8	1	447							24			
61	61	181	181	1.5		1/4	1/4	Chord	3/4	1	1	3/8		1/4	3/2	448										
61	61	365/2	365/2	0.5		5/8	5/8	Chord	3/4	1	1	1/8		1/8	1	449							25			
61	61	180	180	1.0		0	0	Chord	3/4	2	1	1/4		1/4	1	450										
61	61	181	181	1.0		1/4	1/4	Chord	3/4	2	1	1/4		1/4	1	451										
61	61	182	182	1.0		1/2	1/2	Chord	3/4	2	1	1/4		1/4	1	452										
62	62	183	183	2.0		0	0	Chord	3/4	1	1	1/2		1/2	1	453							25			
62	62	185	185	0.5		1/2	1/2	Chord	3/4	1	1	1/8		1/8	1	454										
62	62	371/2	371/2	0.5		5/8	5/8	Chord	3/4	1	1	1/8		1/8	1	455							26			
62	62	183	183	1.0		0	0	Chord	3/4	2	1	1/4		1/4	1	456										
62	62	184	184	1.0		1/4	1/4	Chord	3/4	2	1	1/4		1/4	1	457										
62	62	185	185	1.0		1/2	1/2	Chord	3/4	2	1	1/4		1/4	1	458										
63	63	186	186	1.5		0	0	Chord	3/4	1	1	3/8		1/4	3/2	459							26			
63	63	375/2	375/2	0.5		3/8	3/8	Chord	3/4	1	1	1/8		1/8	1	460							26			
63	63	188	188	0.5		1/2	1/2	Chord	3/4	1	1	1/8		1/8	1	461							26			
63	63	377/2	377/2	0.5		5/8	5/8	Chord	3/4	1	1	1/8		1/8	1	462							26			
63	63	186	186	1.0		0	0	Chord	3/4	2	1	1/4		1/4	1	463										
63	63	187	187	1.0		1/4	1/4	Chord	3/4	2	1	1/4		1/4	1	464										
63	63	188	188	1.0		1/2	1/2	Chord	3/4	2	1	1/4		1/4	1	465										
64	64	189	189	2.0		0	0	Chord	3/4	1	1	1/2		1/2	1	466							26			
64	64	191	191	0.5		1/2	1/2	Chord	3/4	1	1	1/8		1/8	1	467										
64	64	383/2	383/2	0.5		5/8	5/8	Chord	3/4	1	1	1/8		1/8	1	468							27			
64	64	189	189	1.0		0	0	Chord	3/4	2	1	1/4		1/4	1	469										
64	64	190	190	1.0		1/4	1/4	Chord	3/4	2	1	1/4		1/4	1	470										
64	64	191	191	1.0		1/2	1/2	Chord	3/4	2	1	1/4		1/4	1	471										
65	65	192	192	1.5		0	0	Chord	3/4	1	1	3/8		1/4	3/2	472							27			
65	65	387/2	387/2	0.5		3/8	3/8	Chord	3/4	1	1	1/8		1/8	1	473							27			
65	65	194	194	0.5		1/2	1/2	Chord	3/4	1	1	1/8		1/8	1	474							27			
65	65	389/2	389/2	0.5		5/8	5/8	Chord	3/4	1	1	1/8		1/8	1	475							27			
65	65	192	192	1.0		0	0	Chord	3/4	2	1	1/4		1/4	1	476										
65	65	193	193	1.0		1/4	1/4	Chord	3/4	2	1	1/4		1/4	1	477										
65	65	194	194	1.0		1/2	1/2	Chord	3/4	2	1	1/4		1/4	1	478										
66	66	195	195	2.0		0	0	Chord	3/4	1	1	1/2		1/2	1	479							27			
66	66	197	197	1.0		1/2	1/2	Chord	3/4	1	1	1/4		1/4	1	480							27			
66	66	195	195	1.0		0	0	Chord	3/4	2	1	1/4		1/4	1	481										
66	66	196	196	1.0		1/4	1/4	Chord	3/4	2	1	1/4		1/4	1	482										
66	66	197	197	1.0		1/2	1/2	Chord	3/4	2	1	1/4		1/4	1	483										
67	67	198	198	0.5		0	0	Chord	3/4	1	1	1/8		1/8	1	484							27			
67	67	397/2	397/2	0.5		1/8	1/8	Chord	3/4	1	1	1/8		1/8	1	485							27			
67	67	199	199	2.0		1/4	1/4	Chord	3/4	1	1	1/2		1/2	1	486							27			
67	67	199	199	0.5		1/4	1/4	Chord	3/4	1	2	1/8		1/8	1	487										
67	67	399/2	399/2	0.5		3/8	3/8	Chord	3/4	1	2	1/8		1/8	1	488										
67	67	200	200	0.5		1/2	1/2	Chord	3/4	1	2	1/8		1/8	1	489										
67	67	401/2	401/2	0.5		5/8	5/8	Chord	3/4	1	2	1/8		1/8	1	490										
67	67	198	198	1.0		0	0	Chord	3/4	2	1	1/4		1/4	1	491										
67	67	199	199	1.0		1/4	1/4	Chord	3/4	2	1	1/4		1/4	1	492										
67	67	200	200	1.0		1/2	1/2	Chord	3/4	2	1	1/4		1/4	1	493										
68	68		201	2.0	1	0	0	Chord	3/4	1	1	1/2		1/2	1	494							27			
68	68		203	1.0	1	1/2	1/2	Chord	3/4	1	1	1/4		1/4	1	495										
68	68		201	2.0	1	0	0	Chord	3/4	1	2	1/2		1/2	1	496										
68	68		203	1.0	1	1/2	1/2	Chord	3/4	1	2	1/4		1/4	1	497										
68	68		201	1.0	1	0	0	Chord	3/4	2	1	1/4		1/4	1	498										
68	68		202	1.0	1	1/4	1/4	Chord	3/4	2	1	1/4		1/4	1	499										
68	68		203	1.0	1	1/2	1/2	Chord	3/4	2	1	1/4		1/4	1	500										
69	68	201	204	3.0	2	0	0	Chord	3/4	1	1	3/4		1/2	3/2	501							28			
69	68	201	204	1.0	2	0	0	Chord	3/4	2	1	1/4		1/4	1	502										
69	68	202	205	1.0	2	1/4	1/4	Chord	3/4	2	1	1/4		1/4	1	503		articTenutoAbove								
69	68	203	206	1.0	2	1/2	1/2	Chord	3/4	2	1	1/4		1/4	1	504										
69	68	202	205	1.0	2	1/4	1/4	Chord	3/4	2	2	1/4		1/4	1	505										
70	69	204	207	3.0	2	0	0	Chord	3/4	1	1	3/4		1/2	3/2	506										
70	69	204	207	0.0	2	0	0	Spanner	3/4	2	1	0														2
70	69	204	207	1.0	2	0	0	Chord	3/4	2	1	1/4		1/4	1	507		articTenutoAbove								2
70	69	206	209	1.0	2	1/2	1/2	Chord	3/4	2	1	1/4		1/4	1	508		articTenutoAbove								2
70	69	204	207	1.0	2	0	0	Chord	3/4	2	2	1/4		1/4	1	509										2
70	69	205	208	1.0	2	1/4	1/4	Chord	3/4	2	2	1/4		1/4	1	510										2
70	69	206	209	1.0	2	1/2	1/2	Chord	3/4	2	2	1/4		1/4	1	511										2
71	70	208	211	2.0	2	1/4	1/4	Chord	3/4	1	1	1/2		1/2	1	512										
71	70	208	211	0.0	2	1/4	1/4	Dynamic	3/4	1	2	0					pp									
71	70	208	211	2.0	2	1/4	1/4	Chord	3/4	1	2	1/2		1/2	1	513										
71	70	207	210	0.0	2	0	0	Spanner	3/4	2	1	0														
71	70	207	210	3.0	2	0	0	Chord	3/4	2	1	3/4		1/2	3/2	514										
71	70	207	210	3.0	2	0	0	Chord	3/4	2	2	3/4		1/2	3/2	515										
71	70	207	210	3.0	2	0	0	Chord	3/4	2	3	3/4		1/2	3/2	516										
