mc	mn	quarterbeats	quarterbeats_all_endings	duration_qb	volta	mc_onset	mn_onset	event	timesig	staff	voice	duration	nominal_duration	scalar	chord_id	dynamics	articulation	staff_text	tempo	qpm	tempo_visible	slur	decrescendo_hairpin
1	1	0	0	0.0		0	0	Tempo	2/4	1	1	0							M.¬†M.¬†ùÖü¬†=¬†108	108.0	1.0		
1	1	0	0	0.0		0	0	Dynamic	2/4	1	1	0				mp							
1	1	0	0	0.125		0	0	Chord	2/4	1	1	1/32	1/32	1	0								
1	1	1/4	1/4	0.125		1/16	1/16	Chord	2/4	1	1	1/32	1/32	1	1							0	
1	1	3/8	3/8	0.125		3/32	3/32	Chord	2/4	1	1	1/32	1/32	1	2							0	
1	1	1/2	1/2	0.25		1/8	1/8	Chord	2/4	1	1	1/16	1/16	1	3							0	
1	1	3/4	3/4	0.25		3/16	3/16	Chord	2/4	1	1	1/16	1/16	1	4		articStaccatoBelow						
1	1	1	1	0.25		1/4	1/4	Chord	2/4	1	1	1/16	1/16	1	5		articStaccatoBelow						
1	1	3/2	3/2	0.25		3/8	3/8	Chord	2/4	1	1	1/16	1/16	1	6		articStaccatoBelow						
1	1	7/4	7/4	0.25		7/16	7/16	Chord	2/4	1	1	1/16	1/16	1	7		articStaccatoBelow						
1	1	0	0	0.0		0	0	StaffText	2/4	2	1	0						stacc.					
1	1	0	0	0.25		0	0	Chord	2/4	2	1	1/16	1/16	1	8								
1	1	1/2	1/2	0.25		1/8	1/8	Chord	2/4	2	1	1/16	1/16	1	9								
1	1	3/4	3/4	0.25		3/16	3/16	Chord	2/4	2	1	1/16	1/16	1	10								
1	1	1	1	0.25		1/4	1/4	Chord	2/4	2	1	1/16	1/16	1	11								
1	1	3/2	3/2	0.25		3/8	3/8	Chord	2/4	2	1	1/16	1/16	1	12								
1	1	7/4	7/4	0.25		7/16	7/16	Chord	2/4	2	1	1/16	1/16	1	13								
2	2	2	2	0.125		0	0	Chord	2/4	1	1	1/32	1/32	1	14		articStaccatoBelow						
2	2	9/4	9/4	0.125		1/16	1/16	Chord	2/4	1	1	1/32	1/32	1	15							1	
2	2	19/8	19/8	0.125		3/32	3/32	Chord	2/4	1	1	1/32	1/32	1	16							1	
2	2	5/2	5/2	0.25		1/8	1/8	Chord	2/4	1	1	1/16	1/16	1	17								
2	2	11/4	11/4	0.25		3/16	3/16	Chord	2/4	1	1	1/16	1/16	1	18								
2	2	3	3	0.25		1/4	1/4	Chord	2/4	1	1	1/16	1/16	1	19								
2	2	63/16	63/16	0.0125		31/64	31/64	Chord	2/4	1	1	1/320	1/256	4/5	20							2	
2	2	79/20	79/20	0.0125		39/80	39/80	Chord	2/4	1	1	1/320	1/256	4/5	21							2	
2	2	317/80	317/80	0.0125		157/320	157/320	Chord	2/4	1	1	1/320	1/256	4/5	22							2	
2	2	159/40	159/40	0.0125		79/160	79/160	Chord	2/4	1	1	1/320	1/256	4/5	23							2	
2	2	319/80	319/80	0.0125		159/320	159/320	Chord	2/4	1	1	1/320	1/256	4/5	24							2	
2	2	2	2	0.25		0	0	Chord	2/4	2	1	1/16	1/16	1	25								
2	2	5/2	5/2	0.25		1/8	1/8	Chord	2/4	2	1	1/16	1/16	1	26								
2	2	11/4	11/4	0.25		3/16	3/16	Chord	2/4	2	1	1/16	1/16	1	27								
2	2	3	3	0.25		1/4	1/4	Chord	2/4	2	1	1/16	1/16	1	28								
3	3	4	4	0.25		0	0	Chord	2/4	1	1	1/16	1/16	1	29								
3	3	17/4	17/4	0.25		1/16	1/16	Chord	2/4	1	1	1/16	1/16	1	30		articStaccatoBelow						
3	3	9/2	9/2	0.25		1/8	1/8	Chord	2/4	1	1	1/16	1/16	1	31		articStaccatoBelow						
3	3	19/4	19/4	0.25		3/16	3/16	Chord	2/4	1	1	1/16	1/16	1	32		articStaccatoBelow						
3	3	5	5	0.25		1/4	1/4	Chord	2/4	1	1	1/16	1/16	1	33		articStaccatoBelow						
3	3	21/4	21/4	0.25		5/16	5/16	Chord	2/4	1	1	1/16	1/16	1	34		articStaccatoBelow						
3	3	11/2	11/2	0.5		3/8	3/8	Chord	2/4	1	1	1/8	1/8	1	35							3	
3	3	4	4	0.25		0	0	Chord	2/4	2	1	1/16	1/16	1	36								
3	3	19/4	19/4	0.25		3/16	3/16	Chord	2/4	2	1	1/16	1/16	1	37								
3	3	11/2	11/2	0.5		3/8	3/8	Chord	2/4	2	1	1/8	1/8	1	38							4	
4	4	6	6	0.25		0	0	Chord	2/4	1	1	1/16	1/16	1	39								
4	4	25/4	25/4	0.08333333333333333		1/16	1/16	Chord	2/4	1	1	1/48	1/32	2/3	40							5	
4	4	19/3	19/3	0.08333333333333333		1/12	1/12	Chord	2/4	1	1	1/48	1/32	2/3	41							5	
4	4	77/12	77/12	0.08333333333333333		5/48	5/48	Chord	2/4	1	1	1/48	1/32	2/3	42							5	
4	4	13/2	13/2	0.25		1/8	1/8	Chord	2/4	1	1	1/16	1/16	1	43								
4	4	27/4	27/4	0.25		3/16	3/16	Chord	2/4	1	1	1/16	1/16	1	44								
4	4	7	7	0.25		1/4	1/4	Chord	2/4	1	1	1/16	1/16	1	45		articStaccatoBelow						
4	4	29/4	29/4	0.25		5/16	5/16	Chord	2/4	1	1	1/16	1/16	1	46		articStaccatoBelow						
4	4	15/2	15/2	0.0625		3/8	3/8	Chord	2/4	1	1	1/64	1/64	1	47							6	
4	4	121/16	121/16	0.0625		25/64	25/64	Chord	2/4	1	1	1/64	1/64	1	48							6	
4	4	61/8	61/8	0.0625		13/32	13/32	Chord	2/4	1	1	1/64	1/64	1	49							6	
4	4	123/16	123/16	0.0625		27/64	27/64	Chord	2/4	1	1	1/64	1/64	1	50							6	
4	4	31/4	31/4	0.0625		7/16	7/16	Chord	2/4	1	1	1/64	1/64	1	51							6	
4	4	125/16	125/16	0.0625		29/64	29/64	Chord	2/4	1	1	1/64	1/64	1	52							6	
4	4	63/8	63/8	0.0625		15/32	15/32	Chord	2/4	1	1	1/64	1/64	1	53							6	
4	4	127/16	127/16	0.0625		31/64	31/64	Chord	2/4	1	1	1/64	1/64	1	54							6	
4	4	6	6	0.25		0	0	Chord	2/4	2	1	1/16	1/16	1	55								
4	4	27/4	27/4	0.25		3/16	3/16	Chord	2/4	2	1	1/16	1/16	1	56								
5	5	8	8	0.25		0	0	Chord	2/4	1	1	1/16	1/16	1	57								
5	5	33/4	33/4	0.125		1/16	1/16	Chord	2/4	1	1	1/32	1/32	1	58							7	
5	5	67/8	67/8	0.125		3/32	3/32	Chord	2/4	1	1	1/32	1/32	1	59							7	
5	5	17/2	17/2	0.25		1/8	1/8	Chord	2/4	1	1	1/16	1/16	1	60								
5	5	35/4	35/4	0.25		3/16	3/16	Chord	2/4	1	1	1/16	1/16	1	61								
5	5	9	9	0.5		1/4	1/4	Chord	2/4	1	1	1/8	1/8	1	62		articTenutoBelow						
5	5	19/2	19/2	0.25		3/8	3/8	Chord	2/4	1	1	1/16	1/16	1	63		articStaccatoBelow						
5	5	39/4	39/4	0.25		7/16	7/16	Chord	2/4	1	1	1/16	1/16	1	64		articStaccatoBelow						
5	5	8	8	0.25		0	0	Chord	2/4	2	1	1/16	1/16	1	65								
5	5	17/2	17/2	0.25		1/8	1/8	Chord	2/4	2	1	1/16	1/16	1	66								
5	5	35/4	35/4	0.25		3/16	3/16	Chord	2/4	2	1	1/16	1/16	1	67								
5	5	9	9	0.5		1/4	1/4	Chord	2/4	2	1	1/8	1/8	1	68		articTenutoAbove						
5	5	19/2	19/2	0.25		3/8	3/8	Chord	2/4	2	1	1/16	1/16	1	69		articStaccatoAbove						
5	5	39/4	39/4	0.25		7/16	7/16	Chord	2/4	2	1	1/16	1/16	1	70		articStaccatoAbove						
6	6	10	10	0.25		0	0	Chord	2/4	1	1	1/16	1/16	1	71								
6	6	41/4	41/4	0.125		1/16	1/16	Chord	2/4	1	1	1/32	1/32	1	72							8	
6	6	83/8	83/8	0.125		3/32	3/32	Chord	2/4	1	1	1/32	1/32	1	73							8	
6	6	21/2	21/2	0.25		1/8	1/8	Chord	2/4	1	1	1/16	1/16	1	74								
6	6	43/4	43/4	0.25		3/16	3/16	Chord	2/4	1	1	1/16	1/16	1	75		articStaccatoBelow						
6	6	11	11	0.25		1/4	1/4	Chord	2/4	1	1	1/16	1/16	1	76		articStaccatoBelow						
6	6	191/16	191/16	0.0125		31/64	31/64	Chord	2/4	1	1	1/320	1/256	4/5	77							9	
6	6	239/20	239/20	0.0125		39/80	39/80	Chord	2/4	1	1	1/320	1/256	4/5	78							9	
6	6	957/80	957/80	0.0125		157/320	157/320	Chord	2/4	1	1	1/320	1/256	4/5	79							9	
6	6	479/40	479/40	0.0125		79/160	79/160	Chord	2/4	1	1	1/320	1/256	4/5	80							9	
6	6	959/80	959/80	0.0125		159/320	159/320	Chord	2/4	1	1	1/320	1/256	4/5	81							9	
6	6	10	10	0.25		0	0	Chord	2/4	2	1	1/16	1/16	1	82		articStaccatoAbove						
6	6	21/2	21/2	0.25		1/8	1/8	Chord	2/4	2	1	1/16	1/16	1	83		articStaccatoAbove						
6	6	43/4	43/4	0.25		3/16	3/16	Chord	2/4	2	1	1/16	1/16	1	84		articStaccatoAbove						
6	6	11	11	0.25		1/4	1/4	Chord	2/4	2	1	1/16	1/16	1	85		articStaccatoAbove						
7	7	12	12	0.25		0	0	Chord	2/4	1	1	1/16	1/16	1	86								
7	7	49/4	49/4	0.25		1/16	1/16	Chord	2/4	1	1	1/16	1/16	1	87								
7	7	25/2	25/2	0.25		1/8	1/8	Chord	2/4	1	1	1/16	1/16	1	88								
7	7	51/4	51/4	0.25		3/16	3/16	Chord	2/4	1	1	1/16	1/16	1	89								
7	7	13	13	0.25		1/4	1/4	Chord	2/4	1	1	1/16	1/16	1	90								
7	7	53/4	53/4	0.25		5/16	5/16	Chord	2/4	1	1	1/16	1/16	1	91								
7	7	27/2	27/2	0.5		3/8	3/8	Chord	2/4	1	1	1/8	1/8	1	92							10	
7	7	12	12	0.5		0	0	Chord	2/4	2	1	1/8	1/8	1	93								
7	7	25/2	25/2	0.25		1/8	1/8	Chord	2/4	2	1	1/16	1/16	1	94								
7	7	51/4	51/4	0.25		3/16	3/16	Chord	2/4	2	1	1/16	1/16	1	95								
7	7	53/4	53/4	0.25		5/16	5/16	Chord	2/4	2	1	1/16	1/16	1	96								
7	7	27/2	27/2	0.5		3/8	3/8	Chord	2/4	2	1	1/8	1/8	1	97							11	
8	8	14	14	0.25		0	0	Chord	2/4	1	1	1/16	1/16	1	98								
8	8	29/2	29/2	0.5		1/8	1/8	Chord	2/4	1	1	1/8	1/8	1	99		articAccentAbove					12	
8	8	119/8	119/8	0.0		7/32	7/32	Spanner	2/4	1	1	0										12	0
8	8	15	15	0.0		1/4	1/4	Spanner	2/4	1	1	0											
8	8	15	15	0.25		1/4	1/4	Chord	2/4	1	1	1/16	1/16	1	100								
8	8	29/2	29/2	0.375		1/8	1/8	Chord	2/4	1	2	3/32	1/16	3/2	101		articAccentBelow						
8	8	119/8	119/8	0.0625		7/32	7/32	Chord	2/4	1	2	1/64	1/64	1	102								
8	8	239/16	239/16	0.0625		15/64	15/64	Chord	2/4	1	2	1/64	1/64	1	103								
8	8	15	15	0.25		1/4	1/4	Chord	2/4	1	2	1/16	1/16	1	104								
8	8	61/4	61/4	0.25		5/16	5/16	Chord	2/4	1	2	1/16	1/16	1	105		articAccentBelow						
8	8	31/2	31/2	0.25		3/8	3/8	Chord	2/4	1	2	1/16	1/16	1	106		articAccentBelow						
8	8	63/4	63/4	0.25		7/16	7/16	Chord	2/4	1	2	1/16	1/16	1	107		articAccentBelow						
8	8	14	14	0.25		0	0	Chord	2/4	2	1	1/16	1/16	1	108								
8	8	29/2	29/2	0.0		1/8	1/8	Spanner	2/4	2	1	0											1
8	8	29/2	29/2	0.5		1/8	1/8	Chord	2/4	2	1	1/8	1/8	1	109		articAccentAbove					13	1
8	8	15	15	0.0		1/4	1/4	Spanner	2/4	2	1	0											
8	8	15	15	0.25		1/4	1/4	Chord	2/4	2	1	1/16	1/16	1	110								
8	8	61/4	61/4	0.0		5/16	5/16	Dynamic	2/4	2	1	0				mf							
9	9	16	16	0.25		0	0	Chord	2/4	1	1	1/16	1/16	1	111		articStaccatoBelow						
9	9	65/4	65/4	0.25		1/16	1/16	Chord	2/4	1	1	1/16	1/16	1	112		articStaccatoBelow						
9	9	33/2	33/2	0.25		1/8	1/8	Chord	2/4	1	1	1/16	1/16	1	113		articStaccatoBelow						
9	9	67/4	67/4	0.25		3/16	3/16	Chord	2/4	1	1	1/16	1/16	1	114		articStaccatoBelow						
9	9	17	17	0.5		1/4	1/4	Chord	2/4	1	1	1/8	1/8	1	115								
9	9	35/2	35/2	0.25		3/8	3/8	Chord	2/4	1	1	1/16	1/16	1	116		articStaccatoAbove						
9	9	71/4	71/4	0.25		7/16	7/16	Chord	2/4	1	1	1/16	1/16	1	117		articStaccatoBelow						
9	9	16	16	0.75		0	0	Chord	2/4	2	1	3/16	1/8	3/2	118		articStaccatoAbove						
9	9	67/4	67/4	0.25		3/16	3/16	Chord	2/4	2	1	1/16	1/16	1	119		articStaccatoBelow						
9	9	17	17	1.0		1/4	1/4	Chord	2/4	2	1	1/4	1/4	1	120		articTenutoAbove						
10	10	18	18	0.25		0	0	Chord	2/4	1	1	1/16	1/16	1	121								
10	10	73/4	73/4	0.5		1/16	1/16	Chord	2/4	1	1	1/8	1/8	1	122		articTenutoAbove						
10	10	75/4	75/4	0.25		3/16	3/16	Chord	2/4	1	1	1/16	1/16	1	123								
10	10	19	19	0.25		1/4	1/4	Chord	2/4	1	1	1/16	1/16	1	124		articStaccatoAbove						
10	10	77/4	77/4	0.25		5/16	5/16	Chord	2/4	1	1	1/16	1/16	1	125		articStaccatoAbove						
10	10	39/2	39/2	0.25		3/8	3/8	Chord	2/4	1	1	1/16	1/16	1	126		articStaccatoAbove						
10	10	79/4	79/4	0.25		7/16	7/16	Chord	2/4	1	1	1/16	1/16	1	127		articStaccatoAbove						
10	10	18	18	0.25		0	0	Chord	2/4	2	1	1/16	1/16	1	128								
10	10	73/4	73/4	0.5		1/16	1/16	Chord	2/4	2	1	1/8	1/8	1	129		articTenutoBelow						
10	10	75/4	75/4	0.25		3/16	3/16	Chord	2/4	2	1	1/16	1/16	1	130								
10	10	19	19	0.5		1/4	1/4	Chord	2/4	2	1	1/8	1/8	1	131		articStaccatoAbove						
10	10	39/2	39/2	0.5		3/8	3/8	Chord	2/4	2	1	1/8	1/8	1	132		articStaccatoBelow						
11	11	20	20	0.25		0	0	Chord	2/4	1	1	1/16	1/16	1	133								
11	11	81/4	81/4	0.5		1/16	1/16	Chord	2/4	1	1	1/8	1/8	1	134		articTenutoAbove						
11	11	83/4	83/4	0.25		3/16	3/16	Chord	2/4	1	1	1/16	1/16	1	135								
11	11	21	21	0.25		1/4	1/4	Chord	2/4	1	1	1/16	1/16	1	136		articStaccatoAbove						
11	11	85/4	85/4	0.25		5/16	5/16	Chord	2/4	1	1	1/16	1/16	1	137		articStaccatoAbove						
11	11	43/2	43/2	0.25		3/8	3/8	Chord	2/4	1	1	1/16	1/16	1	138		articStaccatoAbove						
11	11	87/4	87/4	0.25		7/16	7/16	Chord	2/4	1	1	1/16	1/16	1	139		articStaccatoAbove						
11	11	20	20	0.25		0	0	Chord	2/4	2	1	1/16	1/16	1	140								
11	11	81/4	81/4	0.5		1/16	1/16	Chord	2/4	2	1	1/8	1/8	1	141		articTenutoBelow						
11	11	83/4	83/4	0.25		3/16	3/16	Chord	2/4	2	1	1/16	1/16	1	142								
11	11	21	21	0.5		1/4	1/4	Chord	2/4	2	1	1/8	1/8	1	143		articStaccatoAbove						
11	11	43/2	43/2	0.5		3/8	3/8	Chord	2/4	2	1	1/8	1/8	1	144		articStaccatoBelow						
12	12	22	22	0.25		0	0	Chord	2/4	1	1	1/16	1/16	1	145								
12	12	89/4	89/4	0.08333333333333333		1/16	1/16	Chord	2/4	1	1	1/48	1/32	2/3	146							14	
12	12	67/3	67/3	0.08333333333333333		1/12	1/12	Chord	2/4	1	1	1/48	1/32	2/3	147							14	
12	12	269/12	269/12	0.08333333333333333		5/48	5/48	Chord	2/4	1	1	1/48	1/32	2/3	148							14	
12	12	45/2	45/2	0.25		1/8	1/8	Chord	2/4	1	1	1/16	1/16	1	149								
12	12	91/4	91/4	0.25		3/16	3/16	Chord	2/4	1	1	1/16	1/16	1	150		articStaccatoBelow						
12	12	23	23	0.08333333333333333		1/4	1/4	Chord	2/4	1	1	1/48	1/32	2/3	151							15	
12	12	277/12	277/12	0.08333333333333333		13/48	13/48	Chord	2/4	1	1	1/48	1/32	2/3	152							15	
12	12	139/6	139/6	0.08333333333333333		7/24	7/24	Chord	2/4	1	1	1/48	1/32	2/3	153							15	
12	12	93/4	93/4	0.25		5/16	5/16	Chord	2/4	1	1	1/16	1/16	1	154		articStaccatoBelow						
12	12	47/2	47/2	0.25		3/8	3/8	Chord	2/4	1	1	1/16	1/16	1	155		articStaccatoBelow						
12	12	95/4	95/4	0.25		7/16	7/16	Chord	2/4	1	1	1/16	1/16	1	156		articStaccatoBelow						
12	12	22	22	0.0		0	0	StaffText	2/4	2	1	0						secco					
12	12	22	22	0.25		0	0	Chord	2/4	2	1	1/16	1/16	1	157		articAccentBelow						
12	12	89/4	89/4	0.25		1/16	1/16	Chord	2/4	2	1	1/16	1/16	1	158		articAccentBelow						
13	13	24	24	0.25		0	0	Chord	2/4	1	1	1/16	1/16	1	159		articStaccatoBelow						
13	13	97/4	97/4	0.25		1/16	1/16	Chord	2/4	1	1	1/16	1/16	1	160		articStaccatoBelow						
13	13	49/2	49/2	0.25		1/8	1/8	Chord	2/4	1	1	1/16	1/16	1	161		articStaccatoBelow						
13	13	99/4	99/4	0.25		3/16	3/16	Chord	2/4	1	1	1/16	1/16	1	162		articStaccatoBelow						
13	13	25	25	0.5		1/4	1/4	Chord	2/4	1	1	1/8	1/8	1	163								
13	13	51/2	51/2	0.25		3/8	3/8	Chord	2/4	1	1	1/16	1/16	1	164		articStaccatoAbove						
13	13	103/4	103/4	0.25		7/16	7/16	Chord	2/4	1	1	1/16	1/16	1	165		articStaccatoBelow						
13	13	24	24	0.75		0	0	Chord	2/4	2	1	3/16	1/8	3/2	166		articStaccatoAbove						
13	13	99/4	99/4	0.25		3/16	3/16	Chord	2/4	2	1	1/16	1/16	1	167		articStaccatoBelow						
13	13	25	25	1.0		1/4	1/4	Chord	2/4	2	1	1/4	1/4	1	168		articTenutoAbove						
14	14	26	26	0.25		0	0	Chord	2/4	1	1	1/16	1/16	1	169								
14	14	105/4	105/4	0.5		1/16	1/16	Chord	2/4	1	1	1/8	1/8	1	170		articTenutoAbove						
14	14	107/4	107/4	0.25		3/16	3/16	Chord	2/4	1	1	1/16	1/16	1	171								
14	14	27	27	0.25		1/4	1/4	Chord	2/4	1	1	1/16	1/16	1	172		articStaccatoAbove						
14	14	109/4	109/4	0.25		5/16	5/16	Chord	2/4	1	1	1/16	1/16	1	173		articStaccatoAbove						
14	14	55/2	55/2	0.25		3/8	3/8	Chord	2/4	1	1	1/16	1/16	1	174		articStaccatoAbove						
14	14	111/4	111/4	0.25		7/16	7/16	Chord	2/4	1	1	1/16	1/16	1	175		articStaccatoAbove						
14	14	26	26	0.25		0	0	Chord	2/4	2	1	1/16	1/16	1	176								
14	14	105/4	105/4	0.5		1/16	1/16	Chord	2/4	2	1	1/8	1/8	1	177		articTenutoBelow						
14	14	107/4	107/4	0.25		3/16	3/16	Chord	2/4	2	1	1/16	1/16	1	178								
14	14	27	27	0.5		1/4	1/4	Chord	2/4	2	1	1/8	1/8	1	179		articStaccatoAbove						
14	14	55/2	55/2	0.5		3/8	3/8	Chord	2/4	2	1	1/8	1/8	1	180		articStaccatoBelow						
15	15	28	28	0.25		0	0	Chord	2/4	1	1	1/16	1/16	1	181								
15	15	113/4	113/4	0.5		1/16	1/16	Chord	2/4	1	1	1/8	1/8	1	182		articTenutoAbove						
15	15	115/4	115/4	0.25		3/16	3/16	Chord	2/4	1	1	1/16	1/16	1	183								
15	15	29	29	0.25		1/4	1/4	Chord	2/4	1	1	1/16	1/16	1	184		articStaccatoAbove						
15	15	117/4	117/4	0.25		5/16	5/16	Chord	2/4	1	1	1/16	1/16	1	185		articStaccatoAbove						
15	15	59/2	59/2	0.25		3/8	3/8	Chord	2/4	1	1	1/16	1/16	1	186		articStaccatoAbove						
15	15	119/4	119/4	0.25		7/16	7/16	Chord	2/4	1	1	1/16	1/16	1	187		articStaccatoAbove						
15	15	28	28	0.25		0	0	Chord	2/4	2	1	1/16	1/16	1	188								
15	15	113/4	113/4	0.5		1/16	1/16	Chord	2/4	2	1	1/8	1/8	1	189		articTenutoAbove						
15	15	115/4	115/4	0.25		3/16	3/16	Chord	2/4	2	1	1/16	1/16	1	190								
15	15	29	29	0.5		1/4	1/4	Chord	2/4	2	1	1/8	1/8	1	191								
15	15	59/2	59/2	0.5		3/8	3/8	Chord	2/4	2	1	1/8	1/8	1	192		articStaccatoAbove						
16	16	30	30	0.25		0	0	Chord	2/4	1	1	1/16	1/16	1	193								
16	16	121/4	121/4	0.08333333333333333		1/16	1/16	Chord	2/4	1	1	1/48	1/32	2/3	194							16	
16	16	91/3	91/3	0.08333333333333333		1/12	1/12	Chord	2/4	1	1	1/48	1/32	2/3	195							16	
16	16	365/12	365/12	0.08333333333333333		5/48	5/48	Chord	2/4	1	1	1/48	1/32	2/3	196							16	
16	16	61/2	61/2	0.25		1/8	1/8	Chord	2/4	1	1	1/16	1/16	1	197								
16	16	123/4	123/4	0.25		3/16	3/16	Chord	2/4	1	1	1/16	1/16	1	198		articStaccatoBelow						
16	16	31	31	0.25		1/4	1/4	Chord	2/4	1	1	1/16	1/16	1	199		articStaccatoBelow						
16	16	125/4	125/4	0.25		5/16	5/16	Chord	2/4	1	1	1/16	1/16	1	200		articStaccatoBelow						
16	16	63/2	63/2	0.25		3/8	3/8	Chord	2/4	1	1	1/16	1/16	1	201		articStaccatoBelow						
16	16	127/4	127/4	0.25		7/16	7/16	Chord	2/4	1	1	1/16	1/16	1	202		articStaccatoBelow						
16	16	30	30	0.25		0	0	Chord	2/4	2	1	1/16	1/16	1	203		articAccentBelow						
16	16	121/4	121/4	0.0		1/16	1/16	StaffText	2/4	2	1	0						secco					
16	16	121/4	121/4	0.25		1/16	1/16	Chord	2/4	2	1	1/16	1/16	1	204		articAccentBelow						
16	16	61/2	61/2	0.0		1/8	1/8	Spanner	2/4	2	1	0											2
17	17	32	32	0.0		0	0	Dynamic	2/4	1	1	0				mp							
17	17	32	32	0.25		0	0	Chord	2/4	1	1	1/16	1/16	1	205								
17	17	129/4	129/4	0.125		1/16	1/16	Chord	2/4	1	1	1/32	1/32	1	206							17	
17	17	259/8	259/8	0.125		3/32	3/32	Chord	2/4	1	1	1/32	1/32	1	207							17	
17	17	65/2	65/2	0.25		1/8	1/8	Chord	2/4	1	1	1/16	1/16	1	208								
17	17	131/4	131/4	0.25		3/16	3/16	Chord	2/4	1	1	1/16	1/16	1	209								
17	17	33	33	0.25		1/4	1/4	Chord	2/4	1	1	1/16	1/16	1	210		articStaccatoBelow						
17	17	67/2	67/2	0.25		3/8	3/8	Chord	2/4	1	1	1/16	1/16	1	211		articStaccatoBelow						
17	17	135/4	135/4	0.25		7/16	7/16	Chord	2/4	1	1	1/16	1/16	1	212		articStaccatoBelow						
17	17	32	32	0.0		0	0	StaffText	2/4	2	1	0						stacc.					
17	17	32	32	0.0		0	0	Spanner	2/4	2	1	0											
17	17	32	32	0.25		0	0	Chord	2/4	2	1	1/16	1/16	1	213								
17	17	65/2	65/2	0.25		1/8	1/8	Chord	2/4	2	1	1/16	1/16	1	214								
17	17	131/4	131/4	0.25		3/16	3/16	Chord	2/4	2	1	1/16	1/16	1	215								
17	17	33	33	0.25		1/4	1/4	Chord	2/4	2	1	1/16	1/16	1	216								
17	17	67/2	67/2	0.25		3/8	3/8	Chord	2/4	2	1	1/16	1/16	1	217								
17	17	135/4	135/4	0.25		7/16	7/16	Chord	2/4	2	1	1/16	1/16	1	218								
18	18	34	34	0.25		0	0	Chord	2/4	1	1	1/16	1/16	1	219		articStaccatoBelow						
18	18	137/4	137/4	0.125		1/16	1/16	Chord	2/4	1	1	1/32	1/32	1	220							18	
18	18	275/8	275/8	0.125		3/32	3/32	Chord	2/4	1	1	1/32	1/32	1	221							18	
18	18	69/2	69/2	0.25		1/8	1/8	Chord	2/4	1	1	1/16	1/16	1	222								
18	18	139/4	139/4	0.25		3/16	3/16	Chord	2/4	1	1	1/16	1/16	1	223								
18	18	35	35	0.25		1/4	1/4	Chord	2/4	1	1	1/16	1/16	1	224		articStaccatoBelow						
18	18	575/16	575/16	0.0125		31/64	31/64	Chord	2/4	1	1	1/320	1/256	4/5	225							19	
18	18	719/20	719/20	0.0125		39/80	39/80	Chord	2/4	1	1	1/320	1/256	4/5	226							19	
18	18	2877/80	2877/80	0.0125		157/320	157/320	Chord	2/4	1	1	1/320	1/256	4/5	227							19	
18	18	1439/40	1439/40	0.0125		79/160	79/160	Chord	2/4	1	1	1/320	1/256	4/5	228							19	
18	18	2879/80	2879/80	0.0125		159/320	159/320	Chord	2/4	1	1	1/320	1/256	4/5	229							19	
18	18	34	34	0.25		0	0	Chord	2/4	2	1	1/16	1/16	1	230								
18	18	69/2	69/2	0.25		1/8	1/8	Chord	2/4	2	1	1/16	1/16	1	231								
18	18	139/4	139/4	0.25		3/16	3/16	Chord	2/4	2	1	1/16	1/16	1	232								
18	18	35	35	0.25		1/4	1/4	Chord	2/4	2	1	1/16	1/16	1	233								
19	19	36	36	0.25		0	0	Chord	2/4	1	1	1/16	1/16	1	234								
19	19	145/4	145/4	0.25		1/16	1/16	Chord	2/4	1	1	1/16	1/16	1	235		articStaccatoBelow						
19	19	73/2	73/2	0.25		1/8	1/8	Chord	2/4	1	1	1/16	1/16	1	236		articStaccatoBelow						
19	19	147/4	147/4	0.25		3/16	3/16	Chord	2/4	1	1	1/16	1/16	1	237		articStaccatoBelow						
19	19	37	37	0.25		1/4	1/4	Chord	2/4	1	1	1/16	1/16	1	238		articStaccatoBelow						
19	19	149/4	149/4	0.25		5/16	5/16	Chord	2/4	1	1	1/16	1/16	1	239		articStaccatoBelow						
19	19	75/2	75/2	0.5		3/8	3/8	Chord	2/4	1	1	1/8	1/8	1	240							20	
19	19	36	36	0.25		0	0	Chord	2/4	2	1	1/16	1/16	1	241								
19	19	147/4	147/4	0.25		3/16	3/16	Chord	2/4	2	1	1/16	1/16	1	242								
19	19	75/2	75/2	0.5		3/8	3/8	Chord	2/4	2	1	1/8	1/8	1	243							21	
20	20	38	38	0.25		0	0	Chord	2/4	1	1	1/16	1/16	1	244								
20	20	153/4	153/4	0.08333333333333333		1/16	1/16	Chord	2/4	1	1	1/48	1/32	2/3	245							22	
20	20	115/3	115/3	0.08333333333333333		1/12	1/12	Chord	2/4	1	1	1/48	1/32	2/3	246							22	
20	20	461/12	461/12	0.08333333333333333		5/48	5/48	Chord	2/4	1	1	1/48	1/32	2/3	247							22	
20	20	77/2	77/2	0.25		1/8	1/8	Chord	2/4	1	1	1/16	1/16	1	248								
20	20	155/4	155/4	0.25		3/16	3/16	Chord	2/4	1	1	1/16	1/16	1	249								
20	20	39	39	0.25		1/4	1/4	Chord	2/4	1	1	1/16	1/16	1	250		articStaccatoBelow						
20	20	157/4	157/4	0.25		5/16	5/16	Chord	2/4	1	1	1/16	1/16	1	251		articStaccatoBelow						
20	20	79/2	79/2	0.0625		3/8	3/8	Chord	2/4	1	1	1/64	1/64	1	252							23	
20	20	633/16	633/16	0.0625		25/64	25/64	Chord	2/4	1	1	1/64	1/64	1	253							23	
20	20	317/8	317/8	0.0625		13/32	13/32	Chord	2/4	1	1	1/64	1/64	1	254							23	
20	20	635/16	635/16	0.0625		27/64	27/64	Chord	2/4	1	1	1/64	1/64	1	255							23	
20	20	159/4	159/4	0.0625		7/16	7/16	Chord	2/4	1	1	1/64	1/64	1	256							23	
20	20	637/16	637/16	0.0625		29/64	29/64	Chord	2/4	1	1	1/64	1/64	1	257							23	
20	20	319/8	319/8	0.0625		15/32	15/32	Chord	2/4	1	1	1/64	1/64	1	258							23	
20	20	639/16	639/16	0.0625		31/64	31/64	Chord	2/4	1	1	1/64	1/64	1	259							23	
20	20	38	38	0.25		0	0	Chord	2/4	2	1	1/16	1/16	1	260								
20	20	155/4	155/4	0.25		3/16	3/16	Chord	2/4	2	1	1/16	1/16	1	261								
21	21	40	40	0.25		0	0	Chord	2/4	1	1	1/16	1/16	1	262								
21	21	161/4	161/4	0.125		1/16	1/16	Chord	2/4	1	1	1/32	1/32	1	263							24	
21	21	323/8	323/8	0.125		3/32	3/32	Chord	2/4	1	1	1/32	1/32	1	264							24	
21	21	81/2	81/2	0.25		1/8	1/8	Chord	2/4	1	1	1/16	1/16	1	265								
21	21	163/4	163/4	0.25		3/16	3/16	Chord	2/4	1	1	1/16	1/16	1	266								
21	21	41	41	0.5		1/4	1/4	Chord	2/4	1	1	1/8	1/8	1	267		articTenutoBelow						
21	21	83/2	83/2	0.25		3/8	3/8	Chord	2/4	1	1	1/16	1/16	1	268		articStaccatoBelow						
21	21	167/4	167/4	0.25		7/16	7/16	Chord	2/4	1	1	1/16	1/16	1	269		articStaccatoBelow						
21	21	40	40	0.25		0	0	Chord	2/4	2	1	1/16	1/16	1	270								
21	21	81/2	81/2	0.25		1/8	1/8	Chord	2/4	2	1	1/16	1/16	1	271								
21	21	163/4	163/4	0.25		3/16	3/16	Chord	2/4	2	1	1/16	1/16	1	272								
21	21	41	41	0.5		1/4	1/4	Chord	2/4	2	1	1/8	1/8	1	273		articTenutoAbove						
21	21	83/2	83/2	0.25		3/8	3/8	Chord	2/4	2	1	1/16	1/16	1	274		articStaccatoAbove						
21	21	167/4	167/4	0.25		7/16	7/16	Chord	2/4	2	1	1/16	1/16	1	275		articStaccatoAbove						
22	22	42	42	0.25		0	0	Chord	2/4	1	1	1/16	1/16	1	276								
22	22	169/4	169/4	0.125		1/16	1/16	Chord	2/4	1	1	1/32	1/32	1	277							25	
22	22	339/8	339/8	0.125		3/32	3/32	Chord	2/4	1	1	1/32	1/32	1	278							25	
22	22	85/2	85/2	0.25		1/8	1/8	Chord	2/4	1	1	1/16	1/16	1	279								
22	22	171/4	171/4	0.25		3/16	3/16	Chord	2/4	1	1	1/16	1/16	1	280		articStaccatoBelow						
22	22	43	43	0.25		1/4	1/4	Chord	2/4	1	1	1/16	1/16	1	281		articStaccatoBelow						
22	22	703/16	703/16	0.0125		31/64	31/64	Chord	2/4	1	1	1/320	1/256	4/5	282							26	
22	22	879/20	879/20	0.0125		39/80	39/80	Chord	2/4	1	1	1/320	1/256	4/5	283							26	
22	22	3517/80	3517/80	0.0125		157/320	157/320	Chord	2/4	1	1	1/320	1/256	4/5	284							26	
22	22	1759/40	1759/40	0.0125		79/160	79/160	Chord	2/4	1	1	1/320	1/256	4/5	285							26	
22	22	3519/80	3519/80	0.0125		159/320	159/320	Chord	2/4	1	1	1/320	1/256	4/5	286							26	
22	22	42	42	0.25		0	0	Chord	2/4	2	1	1/16	1/16	1	287		articStaccatoAbove						
22	22	85/2	85/2	0.25		1/8	1/8	Chord	2/4	2	1	1/16	1/16	1	288		articStaccatoAbove						
22	22	171/4	171/4	0.25		3/16	3/16	Chord	2/4	2	1	1/16	1/16	1	289		articStaccatoAbove						
22	22	43	43	0.25		1/4	1/4	Chord	2/4	2	1	1/16	1/16	1	290		articStaccatoAbove						
23	23	44	44	0.25		0	0	Chord	2/4	1	1	1/16	1/16	1	291							26	
23	23	177/4	177/4	0.25		1/16	1/16	Chord	2/4	1	1	1/16	1/16	1	292								
23	23	89/2	89/2	0.25		1/8	1/8	Chord	2/4	1	1	1/16	1/16	1	293		articStaccatoBelow						
23	23	179/4	179/4	0.25		3/16	3/16	Chord	2/4	1	1	1/16	1/16	1	294		articStaccatoBelow						
23	23	45	45	0.25		1/4	1/4	Chord	2/4	1	1	1/16	1/16	1	295		articStaccatoBelow						
23	23	181/4	181/4	0.25		5/16	5/16	Chord	2/4	1	1	1/16	1/16	1	296		articStaccatoBelow						
23	23	91/2	91/2	0.5		3/8	3/8	Chord	2/4	1	1	1/8	1/8	1	297							27	
23	23	44	44	0.5		0	0	Chord	2/4	2	1	1/8	1/8	1	298		articTenutoAbove						
23	23	89/2	89/2	0.25		1/8	1/8	Chord	2/4	2	1	1/16	1/16	1	299		articStaccatoAbove						
23	23	179/4	179/4	0.25		3/16	3/16	Chord	2/4	2	1	1/16	1/16	1	300		articStaccatoAbove						
23	23	181/4	181/4	0.25		5/16	5/16	Chord	2/4	2	1	1/16	1/16	1	301		articStaccatoBelow						
23	23	91/2	91/2	0.5		3/8	3/8	Chord	2/4	2	1	1/8	1/8	1	302							28	
24	24	46	46	0.25		0	0	Chord	2/4	1	1	1/16	1/16	1	303								
24	24	93/2	93/2	0.5		1/8	1/8	Chord	2/4	1	1	1/8	1/8	1	304		articAccentAbove					29	
24	24	375/8	375/8	0.0		7/32	7/32	Spanner	2/4	1	1	0										29	3
24	24	47	47	0.25		1/4	1/4	Chord	2/4	1	1	1/16	1/16	1	305								3
24	24	189/4	189/4	0.0		5/16	5/16	Spanner	2/4	1	1	0											
24	24	95/2	95/2	0.0		3/8	3/8	Dynamic	2/4	1	1	0				other-dynamics							
24	24	95/2	95/2	0.5		3/8	3/8	Chord	2/4	1	1	1/8	1/8	1	306							30	
24	24	93/2	93/2	0.375		1/8	1/8	Chord	2/4	1	2	3/32	1/16	3/2	307		articAccentBelow						
24	24	375/8	375/8	0.0625		7/32	7/32	Chord	2/4	1	2	1/64	1/64	1	308								
24	24	751/16	751/16	0.0625		15/64	15/64	Chord	2/4	1	2	1/64	1/64	1	309								
24	24	47	47	0.25		1/4	1/4	Chord	2/4	1	2	1/16	1/16	1	310								
24	24	46	46	0.25		0	0	Chord	2/4	2	1	1/16	1/16	1	311								
24	24	93/2	93/2	0.0		1/8	1/8	Spanner	2/4	2	1	0											4
24	24	93/2	93/2	0.5		1/8	1/8	Chord	2/4	2	1	1/8	1/8	1	312		articAccentAbove					31	4
24	24	47	47	0.0		1/4	1/4	Spanner	2/4	2	1	0											
24	24	47	47	0.25		1/4	1/4	Chord	2/4	2	1	1/16	1/16	1	313								
25	25	48	48	0.5		0	0	Chord	2/4	1	1	1/8	1/8	1	314							30	
25	25	97/2	97/2	0.5		1/8	1/8	Chord	2/4	1	1	1/8	1/8	1	315							30	
25	25	49	49	0.25		1/4	1/4	Chord	2/4	1	1	1/16	1/16	1	316							30	
25	25	197/4	197/4	0.25		5/16	5/16	Chord	2/4	1	1	1/16	1/16	1	317							30	
25	25	99/2	99/2	0.25		3/8	3/8	Chord	2/4	1	1	1/16	1/16	1	318							30	
25	25	199/4	199/4	0.25		7/16	7/16	Chord	2/4	1	1	1/16	1/16	1	319							30	
25	25	48	48	0.75		0	0	Chord	2/4	2	1	3/16	1/8	3/2	320								
25	25	195/4	195/4	0.25		3/16	3/16	Chord	2/4	2	1	1/16	1/16	1	321								
25	25	49	49	0.5		1/4	1/4	Chord	2/4	2	1	1/8	1/8	1	322								
25	25	99/2	99/2	0.5		3/8	3/8	Chord	2/4	2	1	1/8	1/8	1	323								
26	26	50	50	1.0		0	0	Chord	2/4	1	1	1/4	1/4	1	324							30	
26	26	51	51	0.25		1/4	1/4	Chord	2/4	1	1	1/16	1/16	1	325								
26	26	205/4	205/4	0.25		5/16	5/16	Chord	2/4	1	1	1/16	1/16	1	326							32	
26	26	103/2	103/2	0.25		3/8	3/8	Chord	2/4	1	1	1/16	1/16	1	327							32	
26	26	207/4	207/4	0.25		7/16	7/16	Chord	2/4	1	1	1/16	1/16	1	328							32	
26	26	50	50	0.5		0	0	Chord	2/4	2	1	1/8	1/8	1	329								
26	26	101/2	101/2	0.25		1/8	1/8	Chord	2/4	2	1	1/16	1/16	1	330								
26	26	203/4	203/4	0.25		3/16	3/16	Chord	2/4	2	1	1/16	1/16	1	331								
26	26	51	51	0.5		1/4	1/4	Chord	2/4	2	1	1/8	1/8	1	332								
26	26	103/2	103/2	0.5		3/8	3/8	Chord	2/4	2	1	1/8	1/8	1	333								
27	27	52	52	0.25		0	0	Chord	2/4	1	1	1/16	1/16	1	334							32	
27	27	209/4	209/4	0.25		1/16	1/16	Chord	2/4	1	1	1/16	1/16	1	335							32	
27	27	105/2	105/2	0.25		1/8	1/8	Chord	2/4	1	1	1/16	1/16	1	336							32	
27	27	211/4	211/4	0.25		3/16	3/16	Chord	2/4	1	1	1/16	1/16	1	337							32	
27	27	53	53	0.25		1/4	1/4	Chord	2/4	1	1	1/16	1/16	1	338							32	
27	27	213/4	213/4	0.25		5/16	5/16	Chord	2/4	1	1	1/16	1/16	1	339							32	
27	27	107/2	107/2	0.25		3/8	3/8	Chord	2/4	1	1	1/16	1/16	1	340							32	
27	27	215/4	215/4	0.25		7/16	7/16	Chord	2/4	1	1	1/16	1/16	1	341							32	
27	27	52	52	0.75		0	0	Chord	2/4	2	1	3/16	1/8	3/2	342								
27	27	211/4	211/4	0.25		3/16	3/16	Chord	2/4	2	1	1/16	1/16	1	343								
27	27	53	53	0.5		1/4	1/4	Chord	2/4	2	1	1/8	1/8	1	344								
27	27	107/2	107/2	0.5		3/8	3/8	Chord	2/4	2	1	1/8	1/8	1	345								
28	28	54	54	1.0		0	0	Chord	2/4	1	1	1/4	1/4	1	346							32, 33	
28	28	55	55	0.25		1/4	1/4	Chord	2/4	1	1	1/16	1/16	1	347								
28	28	221/4	221/4	0.25		5/16	5/16	Chord	2/4	1	1	1/16	1/16	1	348							34	
28	28	111/2	111/2	0.25		3/8	3/8	Chord	2/4	1	1	1/16	1/16	1	349								
28	28	223/4	223/4	0.25		7/16	7/16	Chord	2/4	1	1	1/16	1/16	1	350		articStaccatoBelow						
28	28	54	54	0.5		0	0	Chord	2/4	2	1	1/8	1/8	1	351								
28	28	109/2	109/2	0.25		1/8	1/8	Chord	2/4	2	1	1/16	1/16	1	352								
28	28	219/4	219/4	0.25		3/16	3/16	Chord	2/4	2	1	1/16	1/16	1	353							35	
28	28	55	55	0.5		1/4	1/4	Chord	2/4	2	1	1/8	1/8	1	354								
28	28	111/2	111/2	0.5		3/8	3/8	Chord	2/4	2	1	1/8	1/8	1	355							36	
29	29	56	56	0.25		0	0	Chord	2/4	1	1	1/16	1/16	1	356		articStaccatoBelow						
29	29	225/4	225/4	0.08333333333333333		1/16	1/16	Chord	2/4	1	1	1/48	1/32	2/3	357							37	
29	29	169/3	169/3	0.08333333333333333		1/12	1/12	Chord	2/4	1	1	1/48	1/32	2/3	358							37	
29	29	677/12	677/12	0.08333333333333333		5/48	5/48	Chord	2/4	1	1	1/48	1/32	2/3	359								
29	29	113/2	113/2	0.25		1/8	1/8	Chord	2/4	1	1	1/16	1/16	1	360		articStaccatoBelow						
29	29	227/4	227/4	0.25		3/16	3/16	Chord	2/4	1	1	1/16	1/16	1	361		articStaccatoBelow						
29	29	57	57	0.25		1/4	1/4	Chord	2/4	1	1	1/16	1/16	1	362		articStaccatoAbove						
29	29	229/4	229/4	0.25		5/16	5/16	Chord	2/4	1	1	1/16	1/16	1	363		articStaccatoAbove						
29	29	115/2	115/2	0.25		3/8	3/8	Chord	2/4	1	1	1/16	1/16	1	364		articStaccatoAbove						
29	29	231/4	231/4	0.25		7/16	7/16	Chord	2/4	1	1	1/16	1/16	1	365		articStaccatoAbove						
29	29	56	56	0.25		0	0	Chord	2/4	2	1	1/16	1/16	1	366								
30	30	58	58	0.25		0	0	Chord	2/4	1	1	1/16	1/16	1	367		articStaccatoBelow						
30	30	233/4	233/4	0.75		1/16	1/16	Chord	2/4	1	1	3/16	1/8	3/2	368		articTenutoBelow						
30	30	119/2	119/2	0.5		3/8	3/8	Chord	2/4	1	1	1/8	1/8	1	369		articAccentAbove					38	
30	30	58	58	0.75		0	0	Chord	2/4	2	1	3/16	1/8	3/2	370								
30	30	235/4	235/4	0.25		3/16	3/16	Chord	2/4	2	1	1/16	1/16	1	371							39	
30	30	59	59	0.5		1/4	1/4	Chord	2/4	2	1	1/8	1/8	1	372								
30	30	119/2	119/2	0.5		3/8	3/8	Chord	2/4	2	1	1/8	1/8	1	373		articAccentAbove					40	
31	31	60	60	0.25		0	0	Chord	2/4	1	1	1/16	1/16	1	374								
31	31	241/4	241/4	0.75		1/16	1/16	Chord	2/4	1	1	3/16	1/8	3/2	375		articTenutoBelow						
31	31	123/2	123/2	0.5		3/8	3/8	Chord	2/4	1	1	1/8	1/8	1	376		articAccentAbove						
31	31	60	60	0.75		0	0	Chord	2/4	2	1	3/16	1/8	3/2	377								
31	31	243/4	243/4	0.25		3/16	3/16	Chord	2/4	2	1	1/16	1/16	1	378							41	
31	31	61	61	0.5		1/4	1/4	Chord	2/4	2	1	1/8	1/8	1	379								
31	31	123/2	123/2	0.5		3/8	3/8	Chord	2/4	2	1	1/8	1/8	1	380		articAccentAbove					42	
32	32	62	62	0.125		0	0	Chord	2/4	1	1	1/32	1/32	1	381								
32	32	497/8	497/8	0.125		1/32	1/32	Chord	2/4	1	1	1/32	1/32	1	382								
32	32	249/4	249/4	0.125		1/16	1/16	Chord	2/4	1	1	1/32	1/32	1	383								
32	32	499/8	499/8	0.125		3/32	3/32	Chord	2/4	1	1	1/32	1/32	1	384								
32	32	125/2	125/2	0.5		1/8	1/8	Chord	2/4	1	1	1/8	1/8	1	385								
32	32	127/2	127/2	0.5		3/8	3/8	Chord	2/4	1	1	1/8	1/8	1	386							43	
32	32	62	62	0.25		0	0	Chord	2/4	1	2	1/16	1/16	1	387								
32	32	251/4	251/4	0.25		3/16	3/16	Chord	2/4	1	2	1/16	1/16	1	388		articAccentStaccatoBelow						
32	32	63	63	0.25		1/4	1/4	Chord	2/4	1	2	1/16	1/16	1	389		articAccentStaccatoBelow						
32	32	253/4	253/4	0.25		5/16	5/16	Chord	2/4	1	2	1/16	1/16	1	390		articAccentStaccatoBelow						
32	32	127/2	127/2	0.25		3/8	3/8	Chord	2/4	1	2	1/16	1/16	1	391		articAccentStaccatoBelow						
32	32	255/4	255/4	0.25		7/16	7/16	Chord	2/4	1	2	1/16	1/16	1	392		articAccentStaccatoBelow						
32	32	62	62	0.25		0	0	Chord	2/4	2	1	1/16	1/16	1	393								
33	33	64	64	0.5		0	0	Chord	2/4	1	1	1/8	1/8	1	394							43	
33	33	129/2	129/2	0.5		1/8	1/8	Chord	2/4	1	1	1/8	1/8	1	395							43	
33	33	65	65	0.25		1/4	1/4	Chord	2/4	1	1	1/16	1/16	1	396							43	
33	33	261/4	261/4	0.25		5/16	5/16	Chord	2/4	1	1	1/16	1/16	1	397							43	
33	33	131/2	131/2	0.25		3/8	3/8	Chord	2/4	1	1	1/16	1/16	1	398							43	
33	33	263/4	263/4	0.25		7/16	7/16	Chord	2/4	1	1	1/16	1/16	1	399							43	
33	33	64	64	0.25		0	0	Chord	2/4	1	2	1/16	1/16	1	400								
33	33	257/4	257/4	0.25		1/16	1/16	Chord	2/4	1	2	1/16	1/16	1	401								
33	33	129/2	129/2	0.5		1/8	1/8	Chord	2/4	1	2	1/8	1/8	1	402								
33	33	64	64	0.75		0	0	Chord	2/4	2	1	3/16	1/8	3/2	403								
33	33	259/4	259/4	0.25		3/16	3/16	Chord	2/4	2	1	1/16	1/16	1	404								
33	33	65	65	0.5		1/4	1/4	Chord	2/4	2	1	1/8	1/8	1	405								
33	33	131/2	131/2	0.5		3/8	3/8	Chord	2/4	2	1	1/8	1/8	1	406								
34	34	66	66	1.0		0	0	Chord	2/4	1	1	1/4	1/4	1	407							43	
34	34	67	67	0.25		1/4	1/4	Chord	2/4	1	1	1/16	1/16	1	408								
34	34	269/4	269/4	0.25		5/16	5/16	Chord	2/4	1	1	1/16	1/16	1	409							44	
34	34	135/2	135/2	0.25		3/8	3/8	Chord	2/4	1	1	1/16	1/16	1	410							44	
34	34	271/4	271/4	0.25		7/16	7/16	Chord	2/4	1	1	1/16	1/16	1	411							44	
34	34	66	66	0.5		0	0	Chord	2/4	2	1	1/8	1/8	1	412								
34	34	133/2	133/2	0.25		1/8	1/8	Chord	2/4	2	1	1/16	1/16	1	413								
34	34	267/4	267/4	0.25		3/16	3/16	Chord	2/4	2	1	1/16	1/16	1	414								
34	34	67	67	0.5		1/4	1/4	Chord	2/4	2	1	1/8	1/8	1	415								
34	34	135/2	135/2	0.5		3/8	3/8	Chord	2/4	2	1	1/8	1/8	1	416								
35	35	68	68	0.25		0	0	Chord	2/4	1	1	1/16	1/16	1	417							44	
35	35	273/4	273/4	0.25		1/16	1/16	Chord	2/4	1	1	1/16	1/16	1	418							44	
35	35	137/2	137/2	0.25		1/8	1/8	Chord	2/4	1	1	1/16	1/16	1	419							44	
35	35	275/4	275/4	0.25		3/16	3/16	Chord	2/4	1	1	1/16	1/16	1	420							44	
35	35	69	69	0.25		1/4	1/4	Chord	2/4	1	1	1/16	1/16	1	421							44	
35	35	277/4	277/4	0.25		5/16	5/16	Chord	2/4	1	1	1/16	1/16	1	422							44	
35	35	139/2	139/2	0.25		3/8	3/8	Chord	2/4	1	1	1/16	1/16	1	423							44	
35	35	279/4	279/4	0.25		7/16	7/16	Chord	2/4	1	1	1/16	1/16	1	424							44	
35	35	68	68	0.75		0	0	Chord	2/4	2	1	3/16	1/8	3/2	425								
35	35	275/4	275/4	0.25		3/16	3/16	Chord	2/4	2	1	1/16	1/16	1	426								
35	35	69	69	0.5		1/4	1/4	Chord	2/4	2	1	1/8	1/8	1	427								
35	35	139/2	139/2	0.5		3/8	3/8	Chord	2/4	2	1	1/8	1/8	1	428								
36	36	70	70	1.0		0	0	Chord	2/4	1	1	1/4	1/4	1	429							44	
36	36	71	71	0.25		1/4	1/4	Chord	2/4	1	1	1/16	1/16	1	430								
36	36	285/4	285/4	0.25		5/16	5/16	Chord	2/4	1	1	1/16	1/16	1	431							45	
36	36	143/2	143/2	0.25		3/8	3/8	Chord	2/4	1	1	1/16	1/16	1	432							45	
36	36	287/4	287/4	0.25		7/16	7/16	Chord	2/4	1	1	1/16	1/16	1	433		articStaccatoBelow					45	
36	36	70	70	0.5		0	0	Chord	2/4	2	1	1/8	1/8	1	434								
36	36	141/2	141/2	0.25		1/8	1/8	Chord	2/4	2	1	1/16	1/16	1	435								
36	36	283/4	283/4	0.25		3/16	3/16	Chord	2/4	2	1	1/16	1/16	1	436							46	
36	36	71	71	0.5		1/4	1/4	Chord	2/4	2	1	1/8	1/8	1	437								
36	36	143/2	143/2	0.5		3/8	3/8	Chord	2/4	2	1	1/8	1/8	1	438							47	
37	37	72	72	0.25		0	0	Chord	2/4	1	1	1/16	1/16	1	439		articStaccatoBelow						
37	37	289/4	289/4	0.08333333333333333		1/16	1/16	Chord	2/4	1	1	1/48	1/32	2/3	440							48	
37	37	217/3	217/3	0.08333333333333333		1/12	1/12	Chord	2/4	1	1	1/48	1/32	2/3	441							48	
37	37	869/12	869/12	0.08333333333333333		5/48	5/48	Chord	2/4	1	1	1/48	1/32	2/3	442								
37	37	145/2	145/2	0.25		1/8	1/8	Chord	2/4	1	1	1/16	1/16	1	443		articStaccatoBelow						
37	37	291/4	291/4	0.25		3/16	3/16	Chord	2/4	1	1	1/16	1/16	1	444		articStaccatoBelow						
37	37	73	73	0.25		1/4	1/4	Chord	2/4	1	1	1/16	1/16	1	445		articStaccatoAbove						
37	37	293/4	293/4	0.25		5/16	5/16	Chord	2/4	1	1	1/16	1/16	1	446		articStaccatoAbove						
37	37	147/2	147/2	0.25		3/8	3/8	Chord	2/4	1	1	1/16	1/16	1	447		articStaccatoAbove						
37	37	295/4	295/4	0.25		7/16	7/16	Chord	2/4	1	1	1/16	1/16	1	448		articStaccatoAbove						
37	37	72	72	0.25		0	0	Chord	2/4	2	1	1/16	1/16	1	449								
38	38	75	75	0.25		1/4	1/4	Chord	2/4	1	1	1/16	1/16	1	450								
38	38	301/4	301/4	0.25		5/16	5/16	Chord	2/4	1	1	1/16	1/16	1	451		articStaccatoAbove						
38	38	151/2	151/2	0.25		3/8	3/8	Chord	2/4	1	1	1/16	1/16	1	452		articStaccatoBelow						
38	38	303/4	303/4	0.25		7/16	7/16	Chord	2/4	1	1	1/16	1/16	1	453		articStaccatoBelow						
38	38	74	74	1.0		0	0	Chord	2/4	1	2	1/4	1/4	1	454							49	
38	38	74	74	0.25		0	0	Chord	2/4	2	1	1/16	1/16	1	455								
38	38	297/4	297/4	0.5		1/16	1/16	Chord	2/4	2	1	1/8	1/8	1	456								
38	38	299/4	299/4	0.25		3/16	3/16	Chord	2/4	2	1	1/16	1/16	1	457								
38	38	74	74	0.25		0	0	Chord	2/4	2	2	1/16	1/16	1	458							50	
38	38	297/4	297/4	0.5		1/16	1/16	Chord	2/4	2	2	1/8	1/8	1	459							50	
38	38	299/4	299/4	0.25		3/16	3/16	Chord	2/4	2	2	1/16	1/16	1	460							50	
38	38	75	75	0.25		1/4	1/4	Chord	2/4	2	2	1/16	1/16	1	461							50	
38	38	301/4	301/4	0.25		5/16	5/16	Chord	2/4	2	2	1/16	1/16	1	462								
38	38	151/2	151/2	0.5		3/8	3/8	Chord	2/4	2	2	1/8	1/8	1	463								
39	39	76	76	0.25		0	0	Chord	2/4	1	1	1/16	1/16	1	464							51	
39	39	305/4	305/4	0.25		1/16	1/16	Chord	2/4	1	1	1/16	1/16	1	465								
39	39	153/2	153/2	0.25		1/8	1/8	Chord	2/4	1	1	1/16	1/16	1	466		articStaccatoAbove						
39	39	307/4	307/4	0.25		3/16	3/16	Chord	2/4	1	1	1/16	1/16	1	467		articStaccatoAbove						
39	39	77	77	0.25		1/4	1/4	Chord	2/4	1	1	1/16	1/16	1	468		articStaccatoAbove						
39	39	309/4	309/4	0.25		5/16	5/16	Chord	2/4	1	1	1/16	1/16	1	469		articStaccatoAbove						
39	39	155/2	155/2	0.5		3/8	3/8	Chord	2/4	1	1	1/8	1/8	1	470							52	
39	39	76	76	0.25		0	0	Chord	2/4	2	1	1/16	1/16	1	471								
39	39	155/2	155/2	0.5		3/8	3/8	Chord	2/4	2	1	1/8	1/8	1	472							53	
40	40		78	0.25	1	0	0	Chord	2/4	1	1	1/16	1/16	1	473								
40	40		157/2	0.5	1	1/8	1/8	Chord	2/4	1	1	1/8	1/8	1	474		articAccentAbove					54	
40	40		631/8	0.0	1	7/32	7/32	Spanner	2/4	1	1	0										54	5
40	40		79	0.0	1	1/4	1/4	Spanner	2/4	1	1	0											
40	40		79	0.25	1	1/4	1/4	Chord	2/4	1	1	1/16	1/16	1	475								
40	40		157/2	0.375	1	1/8	1/8	Chord	2/4	1	2	3/32	1/16	3/2	476		articAccentBelow						
40	40		631/8	0.0625	1	7/32	7/32	Chord	2/4	1	2	1/64	1/64	1	477								
40	40		1263/16	0.0625	1	15/64	15/64	Chord	2/4	1	2	1/64	1/64	1	478								
40	40		79	0.25	1	1/4	1/4	Chord	2/4	1	2	1/16	1/16	1	479								
40	40		78	0.25	1	0	0	Chord	2/4	2	1	1/16	1/16	1	480								
40	40		157/2	0.0	1	1/8	1/8	Spanner	2/4	2	1	0											6
40	40		157/2	0.5	1	1/8	1/8	Chord	2/4	2	1	1/8	1/8	1	481		articAccentAbove					55	6
40	40		79	0.0	1	1/4	1/4	Spanner	2/4	2	1	0											
40	40		79	0.25	1	1/4	1/4	Chord	2/4	2	1	1/16	1/16	1	482								
40	40		317/4	0.25	1	5/16	5/16	Chord	2/4	2	1	1/16	1/16	1	483		articAccentStaccatoAbove						
40	40		159/2	0.25	1	3/8	3/8	Chord	2/4	2	1	1/16	1/16	1	484		articAccentStaccatoAbove						
40	40		319/4	0.25	1	7/16	7/16	Chord	2/4	2	1	1/16	1/16	1	485		articAccentStaccatoAbove						
41	40	78	80	0.25	2	0	0	Chord	2/4	1	1	1/16	1/16	1	486								
41	40	157/2	161/2	0.5	2	1/8	1/8	Chord	2/4	1	1	1/8	1/8	1	487		articAccentAbove					56	
41	40	631/8	647/8	0.0	2	7/32	7/32	Spanner	2/4	1	1	0										56	7
41	40	79	81	0.0	2	1/4	1/4	Spanner	2/4	1	1	0											
41	40	79	81	0.25	2	1/4	1/4	Chord	2/4	1	1	1/16	1/16	1	488								
41	40	157/2	161/2	0.375	2	1/8	1/8	Chord	2/4	1	2	3/32	1/16	3/2	489		articAccentBelow						
41	40	631/8	647/8	0.0625	2	7/32	7/32	Chord	2/4	1	2	1/64	1/64	1	490								
41	40	1263/16	1295/16	0.0625	2	15/64	15/64	Chord	2/4	1	2	1/64	1/64	1	491								
41	40	79	81	0.25	2	1/4	1/4	Chord	2/4	1	2	1/16	1/16	1	492								
41	40	78	80	0.25	2	0	0	Chord	2/4	2	1	1/16	1/16	1	493								
41	40	157/2	161/2	0.0	2	1/8	1/8	Spanner	2/4	2	1	0											8
41	40	157/2	161/2	0.5	2	1/8	1/8	Chord	2/4	2	1	1/8	1/8	1	494		articAccentAbove					57	8
41	40	79	81	0.0	2	1/4	1/4	Spanner	2/4	2	1	0											
41	40	79	81	0.25	2	1/4	1/4	Chord	2/4	2	1	1/16	1/16	1	495								
