mc	mn	quarterbeats	quarterbeats_all_endings	duration_qb	mc_onset	mn_onset	event	timesig	staff	voice	duration	nominal_duration	scalar	chord_id	dynamics	articulation	staff_text	tempo	qpm	tempo_visible	slur	Ottava:8va	crescendo_hairpin
1	1	0	0	0.0	0	0	Tempo	2/2	1	1	0							M.¬†M.¬†ùÖû¬†=¬†96	192.0	1.0			
1	1	0	0	0.0	0	0	Dynamic	2/2	1	1	0				mf								
1	1	0	0	0.3333333333333333	0	0	Chord	2/2	1	1	1/12	1/8	2/3	0							0		
1	1	1/3	1/3	0.0	1/12	1/12	StaffText	2/2	1	1	0						leggiero				0		
1	1	1/3	1/3	0.3333333333333333	1/12	1/12	Chord	2/2	1	1	1/12	1/8	2/3	1							0		
1	1	2/3	2/3	0.3333333333333333	1/6	1/6	Chord	2/2	1	1	1/12	1/8	2/3	2							0		
1	1	1	1	0.5	1/4	1/4	Chord	2/2	1	1	1/8	1/8	1	3							0		
1	1	3/2	3/2	0.5	3/8	3/8	Chord	2/2	1	1	1/8	1/8	1	4									
1	1	3	3	0.3333333333333333	3/4	3/4	Chord	2/2	1	1	1/12	1/8	2/3	5							1		
1	1	10/3	10/3	0.3333333333333333	5/6	5/6	Chord	2/2	1	1	1/12	1/8	2/3	6							1		
1	1	11/3	11/3	0.3333333333333333	11/12	11/12	Chord	2/2	1	1	1/12	1/8	2/3	7							1		
1	1	0	0	1.0	0	0	Chord	2/2	2	1	1/4	1/4	1	8									
1	1	1	1	1.0	1/4	1/4	Chord	2/2	2	1	1/4	1/4	1	9									
1	1	2	2	1.0	1/2	1/2	Chord	2/2	2	1	1/4	1/4	1	10									
1	1	3	3	1.0	3/4	3/4	Chord	2/2	2	1	1/4	1/4	1	11									
2	2	4	4	0.5	0	0	Chord	2/2	1	1	1/8	1/8	1	12									
2	2	9/2	9/2	0.5	1/8	1/8	Chord	2/2	1	1	1/8	1/8	1	13									
2	2	5	5	0.5	1/4	1/4	Chord	2/2	1	1	1/8	1/8	1	14									
2	2	11/2	11/2	0.5	3/8	3/8	Chord	2/2	1	1	1/8	1/8	1	15									
2	2	6	6	0.5	1/2	1/2	Chord	2/2	1	1	1/8	1/8	1	16									
2	2	7	7	0.3333333333333333	3/4	3/4	Chord	2/2	1	1	1/12	1/8	2/3	17							2		
2	2	22/3	22/3	0.3333333333333333	5/6	5/6	Chord	2/2	1	1	1/12	1/8	2/3	18							2		
2	2	23/3	23/3	0.3333333333333333	11/12	11/12	Chord	2/2	1	1	1/12	1/8	2/3	19							2		
2	2	4	4	1.0	0	0	Chord	2/2	2	1	1/4	1/4	1	20									
2	2	5	5	1.0	1/4	1/4	Chord	2/2	2	1	1/4	1/4	1	21									
2	2	6	6	1.0	1/2	1/2	Chord	2/2	2	1	1/4	1/4	1	22									
2	2	7	7	1.0	3/4	3/4	Chord	2/2	2	1	1/4	1/4	1	23									
3	3	8	8	0.5	0	0	Chord	2/2	1	1	1/8	1/8	1	24									
3	3	17/2	17/2	0.5	1/8	1/8	Chord	2/2	1	1	1/8	1/8	1	25									
3	3	10	10	0.3333333333333333	1/2	1/2	Chord	2/2	1	1	1/12	1/8	2/3	26							3		
3	3	31/3	31/3	0.3333333333333333	7/12	7/12	Chord	2/2	1	1	1/12	1/8	2/3	27							3		
3	3	32/3	32/3	0.3333333333333333	2/3	2/3	Chord	2/2	1	1	1/12	1/8	2/3	28							3		
3	3	11	11	0.5	3/4	3/4	Chord	2/2	1	1	1/8	1/8	1	29									
3	3	23/2	23/2	0.5	7/8	7/8	Chord	2/2	1	1	1/8	1/8	1	30									
3	3	8	8	1.0	0	0	Chord	2/2	2	1	1/4	1/4	1	31									
3	3	9	9	1.0	1/4	1/4	Chord	2/2	2	1	1/4	1/4	1	32									
3	3	10	10	1.0	1/2	1/2	Chord	2/2	2	1	1/4	1/4	1	33									
3	3	11	11	1.0	3/4	3/4	Chord	2/2	2	1	1/4	1/4	1	34									
4	4	12	12	0.5	0	0	Chord	2/2	1	1	1/8	1/8	1	35									
4	4	25/2	25/2	0.5	1/8	1/8	Chord	2/2	1	1	1/8	1/8	1	36									
4	4	13	13	0.5	1/4	1/4	Chord	2/2	1	1	1/8	1/8	1	37									
4	4	27/2	27/2	0.5	3/8	3/8	Chord	2/2	1	1	1/8	1/8	1	38									
4	4	14	14	0.5	1/2	1/2	Chord	2/2	1	1	1/8	1/8	1	39									
4	4	15	15	0.3333333333333333	3/4	3/4	Chord	2/2	1	1	1/12	1/8	2/3	40							4		
4	4	46/3	46/3	0.3333333333333333	5/6	5/6	Chord	2/2	1	1	1/12	1/8	2/3	41							4		
4	4	47/3	47/3	0.3333333333333333	11/12	11/12	Chord	2/2	1	1	1/12	1/8	2/3	42							4		
4	4	12	12	1.0	0	0	Chord	2/2	2	1	1/4	1/4	1	43									
4	4	13	13	1.0	1/4	1/4	Chord	2/2	2	1	1/4	1/4	1	44									
4	4	14	14	1.0	1/2	1/2	Chord	2/2	2	1	1/4	1/4	1	45									
4	4	15	15	1.0	3/4	3/4	Chord	2/2	2	1	1/4	1/4	1	46									
5	5	16	16	0.5	0	0	Chord	2/2	1	1	1/8	1/8	1	47									
5	5	33/2	33/2	1.0	1/8	1/8	Chord	2/2	1	1	1/4	1/4	1	48									
5	5	35/2	35/2	1.0	3/8	3/8	Chord	2/2	1	1	1/4	1/4	1	49									
5	5	37/2	37/2	1.5	5/8	5/8	Chord	2/2	1	1	3/8	1/4	3/2	50									
5	5	16	16	1.0	0	0	Chord	2/2	2	1	1/4	1/4	1	51									
5	5	17	17	1.0	1/4	1/4	Chord	2/2	2	1	1/4	1/4	1	52									
5	5	18	18	1.0	1/2	1/2	Chord	2/2	2	1	1/4	1/4	1	53									
5	5	19	19	1.0	3/4	3/4	Chord	2/2	2	1	1/4	1/4	1	54									
6	6	20	20	0.5	0	0	Chord	2/2	1	1	1/8	1/8	1	55									
6	6	41/2	41/2	1.0	1/8	1/8	Chord	2/2	1	1	1/4	1/4	1	56									
6	6	43/2	43/2	1.5	3/8	3/8	Chord	2/2	1	1	3/8	1/4	3/2	57									
6	6	23	23	0.5	3/4	3/4	Chord	2/2	1	1	1/8	1/8	1	58		articAccentAbove					5		
6	6	47/2	47/2	0.5	7/8	7/8	Chord	2/2	1	1	1/8	1/8	1	59							5		
6	6	20	20	1.0	0	0	Chord	2/2	2	1	1/4	1/4	1	60									
6	6	21	21	1.0	1/4	1/4	Chord	2/2	2	1	1/4	1/4	1	61									
6	6	22	22	1.0	1/2	1/2	Chord	2/2	2	1	1/4	1/4	1	62									
6	6	23	23	1.0	3/4	3/4	Chord	2/2	2	1	1/4	1/4	1	63									
7	7	24	24	0.5	0	0	Chord	2/2	1	1	1/8	1/8	1	64							5		
7	7	49/2	49/2	1.5	1/8	1/8	Chord	2/2	1	1	3/8	1/4	3/2	65									
7	7	26	26	0.0	1/2	1/2	Spanner	2/2	1	1	0											0	
7	7	26	26	0.5	1/2	1/2	Chord	2/2	1	1	1/8	1/8	1	66		articAccentAbove					6	0	
7	7	53/2	53/2	1.0	5/8	5/8	Chord	2/2	1	1	1/4	1/4	1	67							6	0	
7	7	55/2	55/2	0.5	7/8	7/8	Chord	2/2	1	1	1/8	1/8	1	68								0	
7	7	24	24	1.0	0	0	Chord	2/2	2	1	1/4	1/4	1	69									
7	7	25	25	1.0	1/4	1/4	Chord	2/2	2	1	1/4	1/4	1	70									
7	7	26	26	1.0	1/2	1/2	Chord	2/2	2	1	1/4	1/4	1	71									
7	7	27	27	1.0	3/4	3/4	Chord	2/2	2	1	1/4	1/4	1	72									
8	8	28	28	0.0	0	0	Spanner	2/2	1	1	0												
8	8	57/2	57/2	0.5	1/8	1/8	Chord	2/2	1	1	1/8	1/8	1	73		articAccentAbove					7		
8	8	29	29	1.0	1/4	1/4	Chord	2/2	1	1	1/4	1/4	1	74									
8	8	30	30	0.5	1/2	1/2	Chord	2/2	1	1	1/8	1/8	1	75		articAccentAbove					8		
8	8	61/2	61/2	1.5	5/8	5/8	Chord	2/2	1	1	3/8	1/4	3/2	76									
8	8	63/2	63/2	0.5	7/8	7/8	Chord	2/2	1	2	1/8	1/8	1	77									
8	8	57/2	57/2	1.5	1/8	1/8	Chord	2/2	2	1	3/8	1/4	3/2	78									
8	8	30	30	1.5	1/2	1/2	Chord	2/2	2	1	3/8	1/4	3/2	79									
8	8	31	31	1.0	3/4	3/4	Chord	2/2	2	2	1/4	1/4	1	80									
9	9	32	32	0.3333333333333333	0	0	Chord	2/2	1	1	1/12	1/8	2/3	81							9		
9	9	97/3	97/3	0.3333333333333333	1/12	1/12	Chord	2/2	1	1	1/12	1/8	2/3	82							9		
9	9	98/3	98/3	0.3333333333333333	1/6	1/6	Chord	2/2	1	1	1/12	1/8	2/3	83							9		
9	9	33	33	0.5	1/4	1/4	Chord	2/2	1	1	1/8	1/8	1	84							9		
9	9	67/2	67/2	0.5	3/8	3/8	Chord	2/2	1	1	1/8	1/8	1	85									
9	9	35	35	0.3333333333333333	3/4	3/4	Chord	2/2	1	1	1/12	1/8	2/3	86							10		
9	9	106/3	106/3	0.3333333333333333	5/6	5/6	Chord	2/2	1	1	1/12	1/8	2/3	87							10		
9	9	107/3	107/3	0.3333333333333333	11/12	11/12	Chord	2/2	1	1	1/12	1/8	2/3	88							10		
9	9	32	32	1.0	0	0	Chord	2/2	2	1	1/4	1/4	1	89									
9	9	33	33	1.0	1/4	1/4	Chord	2/2	2	1	1/4	1/4	1	90									
9	9	34	34	1.0	1/2	1/2	Chord	2/2	2	1	1/4	1/4	1	91									
9	9	35	35	1.0	3/4	3/4	Chord	2/2	2	1	1/4	1/4	1	92									
10	10	36	36	0.5	0	0	Chord	2/2	1	1	1/8	1/8	1	93									
10	10	73/2	73/2	0.5	1/8	1/8	Chord	2/2	1	1	1/8	1/8	1	94									
10	10	37	37	0.5	1/4	1/4	Chord	2/2	1	1	1/8	1/8	1	95									
10	10	75/2	75/2	0.5	3/8	3/8	Chord	2/2	1	1	1/8	1/8	1	96									
10	10	38	38	0.5	1/2	1/2	Chord	2/2	1	1	1/8	1/8	1	97									
10	10	39	39	0.3333333333333333	3/4	3/4	Chord	2/2	1	1	1/12	1/8	2/3	98							11		
10	10	118/3	118/3	0.3333333333333333	5/6	5/6	Chord	2/2	1	1	1/12	1/8	2/3	99							11		
10	10	119/3	119/3	0.3333333333333333	11/12	11/12	Chord	2/2	1	1	1/12	1/8	2/3	100							11		
10	10	36	36	1.0	0	0	Chord	2/2	2	1	1/4	1/4	1	101									
10	10	37	37	1.0	1/4	1/4	Chord	2/2	2	1	1/4	1/4	1	102									
10	10	38	38	1.0	1/2	1/2	Chord	2/2	2	1	1/4	1/4	1	103									
10	10	39	39	1.0	3/4	3/4	Chord	2/2	2	1	1/4	1/4	1	104									
11	11	40	40	0.5	0	0	Chord	2/2	1	1	1/8	1/8	1	105									
11	11	81/2	81/2	1.0	1/8	1/8	Chord	2/2	1	1	1/4	1/4	1	106		articTenutoAbove							
11	11	83/2	83/2	0.5	3/8	3/8	Chord	2/2	1	1	1/8	1/8	1	107		articAccentStaccatoAbove							
11	11	43	43	0.3333333333333333	3/4	3/4	Chord	2/2	1	1	1/12	1/8	2/3	108							12		
11	11	130/3	130/3	0.3333333333333333	5/6	5/6	Chord	2/2	1	1	1/12	1/8	2/3	109							12		
11	11	131/3	131/3	0.3333333333333333	11/12	11/12	Chord	2/2	1	1	1/12	1/8	2/3	110							12		
11	11	40	40	1.0	0	0	Chord	2/2	2	1	1/4	1/4	1	111									
11	11	41	41	1.0	1/4	1/4	Chord	2/2	2	1	1/4	1/4	1	112									
11	11	42	42	1.0	1/2	1/2	Chord	2/2	2	1	1/4	1/4	1	113									
11	11	43	43	1.0	3/4	3/4	Chord	2/2	2	1	1/4	1/4	1	114									
12	12	44	44	0.5	0	0	Chord	2/2	1	1	1/8	1/8	1	115									
12	12	89/2	89/2	0.5	1/8	1/8	Chord	2/2	1	1	1/8	1/8	1	116									
12	12	45	45	0.5	1/4	1/4	Chord	2/2	1	1	1/8	1/8	1	117									
12	12	91/2	91/2	0.5	3/8	3/8	Chord	2/2	1	1	1/8	1/8	1	118									
12	12	46	46	0.5	1/2	1/2	Chord	2/2	1	1	1/8	1/8	1	119									
12	12	47	47	0.3333333333333333	3/4	3/4	Chord	2/2	1	1	1/12	1/8	2/3	120							13		
12	12	142/3	142/3	0.3333333333333333	5/6	5/6	Chord	2/2	1	1	1/12	1/8	2/3	121							13		
12	12	143/3	143/3	0.3333333333333333	11/12	11/12	Chord	2/2	1	1	1/12	1/8	2/3	122							13		
12	12	44	44	1.0	0	0	Chord	2/2	2	1	1/4	1/4	1	123									
12	12	45	45	1.0	1/4	1/4	Chord	2/2	2	1	1/4	1/4	1	124									
12	12	46	46	1.0	1/2	1/2	Chord	2/2	2	1	1/4	1/4	1	125									
12	12	47	47	1.0	3/4	3/4	Chord	2/2	2	1	1/4	1/4	1	126									
13	13	48	48	0.5	0	0	Chord	2/2	1	1	1/8	1/8	1	127							13		
13	13	97/2	97/2	1.0	1/8	1/8	Chord	2/2	1	1	1/4	1/4	1	128							13		
13	13	99/2	99/2	1.0	3/8	3/8	Chord	2/2	1	1	1/4	1/4	1	129							13		
13	13	101/2	101/2	1.5	5/8	5/8	Chord	2/2	1	1	3/8	1/4	3/2	130									
13	13	48	48	1.0	0	0	Chord	2/2	2	1	1/4	1/4	1	131									
13	13	49	49	1.0	1/4	1/4	Chord	2/2	2	1	1/4	1/4	1	132									
13	13	50	50	1.0	1/2	1/2	Chord	2/2	2	1	1/4	1/4	1	133									
13	13	51	51	1.0	3/4	3/4	Chord	2/2	2	1	1/4	1/4	1	134									
14	14	52	52	0.5	0	0	Chord	2/2	1	1	1/8	1/8	1	135							14		
14	14	105/2	105/2	1.0	1/8	1/8	Chord	2/2	1	1	1/4	1/4	1	136							14		
14	14	107/2	107/2	0.5	3/8	3/8	Chord	2/2	1	1	1/8	1/8	1	137							14		
14	14	54	54	0.5	1/2	1/2	Chord	2/2	1	1	1/8	1/8	1	138									
14	14	55	55	0.5	3/4	3/4	Chord	2/2	1	1	1/8	1/8	1	139							15		
14	14	111/2	111/2	0.5	7/8	7/8	Chord	2/2	1	1	1/8	1/8	1	140							15		
14	14	52	52	1.0	0	0	Chord	2/2	2	1	1/4	1/4	1	141									
14	14	53	53	1.0	1/4	1/4	Chord	2/2	2	1	1/4	1/4	1	142							16		
14	14	54	54	1.0	1/2	1/2	Chord	2/2	2	1	1/4	1/4	1	143									
14	14	55	55	1.0	3/4	3/4	Chord	2/2	2	1	1/4	1/4	1	144									
15	15	56	56	0.5	0	0	Chord	2/2	1	1	1/8	1/8	1	145							15		
15	15	113/2	113/2	1.0	1/8	1/8	Chord	2/2	1	1	1/4	1/4	1	146									
15	15	115/2	115/2	0.5	3/8	3/8	Chord	2/2	1	1	1/8	1/8	1	147							17		
15	15	58	58	0.5	1/2	1/2	Chord	2/2	1	1	1/8	1/8	1	148							17		
15	15	117/2	117/2	1.5	5/8	5/8	Chord	2/2	1	1	3/8	1/4	3/2	149									
15	15	56	56	1.0	0	0	Chord	2/2	2	1	1/4	1/4	1	150									
15	15	57	57	1.0	1/4	1/4	Chord	2/2	2	1	1/4	1/4	1	151									
15	15	58	58	1.0	1/2	1/2	Chord	2/2	2	1	1/4	1/4	1	152									
15	15	59	59	1.0	3/4	3/4	Chord	2/2	2	1	1/4	1/4	1	153									
16	16	60	60	1.5	0	0	Chord	2/2	1	1	3/8	1/4	3/2	154		articAccentAbove							
16	16	123/2	123/2	0.5	3/8	3/8	Chord	2/2	1	1	1/8	1/8	1	155		articAccentAbove							
16	16	62	62	2.0	1/2	1/2	Chord	2/2	1	1	1/2	1/2	1	156									
16	16	60	60	0.5	0	0	Chord	2/2	1	2	1/8	1/8	1	157									
16	16	121/2	121/2	1.0	1/8	1/8	Chord	2/2	1	2	1/4	1/4	1	158									
16	16	123/2	123/2	0.5	3/8	3/8	Chord	2/2	1	2	1/8	1/8	1	159							18		
16	16	62	62	0.5	1/2	1/2	Chord	2/2	1	2	1/8	1/8	1	160							18		
16	16	125/2	125/2	1.0	5/8	5/8	Chord	2/2	1	2	1/4	1/4	1	161							18		
16	16	127/2	127/2	0.5	7/8	7/8	Chord	2/2	1	2	1/8	1/8	1	162		articAccentAbove							
16	16	60	60	1.5	0	0	Chord	2/2	2	1	3/8	1/4	3/2	163									
16	16	123/2	123/2	0.5	3/8	3/8	Chord	2/2	2	1	1/8	1/8	1	164									
16	16	62	62	1.0	1/2	1/2	Chord	2/2	2	1	1/4	1/4	1	165									
16	16	63	63	1.0	3/4	3/4	Chord	2/2	2	1	1/4	1/4	1	166									
17	17	259/4	259/4	0.0	3/16	3/16	StaffText	2/2	1	1	0						meno Óî¢ 						
17	17	259/4	259/4	0.25	3/16	3/16	Chord	2/2	1	1	1/16	1/16	1	167							19		
17	17	65	65	0.75	1/4	1/4	Chord	2/2	1	1	3/16	1/8	3/2	168							19		
17	17	263/4	263/4	0.25	7/16	7/16	Chord	2/2	1	1	1/16	1/16	1	169							19		
17	17	66	66	0.5	1/2	1/2	Chord	2/2	1	1	1/8	1/8	1	170									
17	17	67	67	0.75	3/4	3/4	Chord	2/2	1	1	3/16	1/8	3/2	171							20		
17	17	271/4	271/4	0.25	15/16	15/16	Chord	2/2	1	1	1/16	1/16	1	172							20		
17	17	64	64	4.0	0	0	Chord	2/2	1	2	1	1	1	173									
17	17	64	64	1.0	0	0	Chord	2/2	2	1	1/4	1/4	1	174									
17	17	65	65	1.0	1/4	1/4	Chord	2/2	2	1	1/4	1/4	1	175							21		
17	17	66	66	1.0	1/2	1/2	Chord	2/2	2	1	1/4	1/4	1	176									
17	17	67	67	1.0	3/4	3/4	Chord	2/2	2	1	1/4	1/4	1	177									
17	17	65	65	2.0	1/4	1/4	Chord	2/2	2	2	1/2	1/2	1	178									
18	18	68	68	0.75	0	0	Chord	2/2	1	1	3/16	1/8	3/2	179							20		
18	18	275/4	275/4	0.25	3/16	3/16	Chord	2/2	1	1	1/16	1/16	1	180							20		
18	18	69	69	0.75	1/4	1/4	Chord	2/2	1	1	3/16	1/8	3/2	181							20		
18	18	279/4	279/4	0.25	7/16	7/16	Chord	2/2	1	1	1/16	1/16	1	182							20		
18	18	70	70	0.75	1/2	1/2	Chord	2/2	1	1	3/16	1/8	3/2	183							20		
18	18	283/4	283/4	0.25	11/16	11/16	Chord	2/2	1	1	1/16	1/16	1	184							20		
18	18	71	71	0.75	3/4	3/4	Chord	2/2	1	1	3/16	1/8	3/2	185							20		
18	18	287/4	287/4	0.25	15/16	15/16	Chord	2/2	1	1	1/16	1/16	1	186		articAccentAbove							
18	18	68	68	1.0	0	0	Chord	2/2	2	1	1/4	1/4	1	187							22		
18	18	69	69	1.0	1/4	1/4	Chord	2/2	2	1	1/4	1/4	1	188									
18	18	70	70	1.0	1/2	1/2	Chord	2/2	2	1	1/4	1/4	1	189									
18	18	71	71	1.0	3/4	3/4	Chord	2/2	2	1	1/4	1/4	1	190									
18	18	68	68	2.0	0	0	Chord	2/2	2	2	1/2	1/2	1	191									
19	19	291/4	291/4	0.25	3/16	3/16	Chord	2/2	1	1	1/16	1/16	1	192							23		
19	19	73	73	0.75	1/4	1/4	Chord	2/2	1	1	3/16	1/8	3/2	193							23		
19	19	295/4	295/4	0.25	7/16	7/16	Chord	2/2	1	1	1/16	1/16	1	194							23		
19	19	74	74	0.5	1/2	1/2	Chord	2/2	1	1	1/8	1/8	1	195									
19	19	75	75	0.75	3/4	3/4	Chord	2/2	1	1	3/16	1/8	3/2	196							24		
19	19	303/4	303/4	0.25	15/16	15/16	Chord	2/2	1	1	1/16	1/16	1	197							24		
19	19	72	72	4.0	0	0	Chord	2/2	1	2	1	1	1	198									
19	19	72	72	1.0	0	0	Chord	2/2	2	1	1/4	1/4	1	199									
19	19	73	73	1.0	1/4	1/4	Chord	2/2	2	1	1/4	1/4	1	200									
19	19	74	74	1.0	1/2	1/2	Chord	2/2	2	1	1/4	1/4	1	201									
19	19	75	75	1.0	3/4	3/4	Chord	2/2	2	1	1/4	1/4	1	202									
20	20	76	76	0.75	0	0	Chord	2/2	1	1	3/16	1/8	3/2	203							24		
20	20	307/4	307/4	0.25	3/16	3/16	Chord	2/2	1	1	1/16	1/16	1	204							24		
20	20	77	77	0.5	1/4	1/4	Chord	2/2	1	1	1/8	1/8	1	205									
20	20	78	78	0.3333333333333333	1/2	1/2	Chord	2/2	1	1	1/12	1/8	2/3	206							25		
20	20	235/3	235/3	0.3333333333333333	7/12	7/12	Chord	2/2	1	1	1/12	1/8	2/3	207							25		
20	20	236/3	236/3	0.3333333333333333	2/3	2/3	Chord	2/2	1	1	1/12	1/8	2/3	208							25		
20	20	79	79	0.3333333333333333	3/4	3/4	Chord	2/2	1	1	1/12	1/8	2/3	209							25		
20	20	238/3	238/3	0.3333333333333333	5/6	5/6	Chord	2/2	1	1	1/12	1/8	2/3	210							25		
20	20	239/3	239/3	0.3333333333333333	11/12	11/12	Chord	2/2	1	1	1/12	1/8	2/3	211							25		
20	20	76	76	2.0	0	0	Chord	2/2	1	2	1/2	1/2	1	212									
20	20	76	76	1.0	0	0	Chord	2/2	2	1	1/4	1/4	1	213									
20	20	77	77	1.0	1/4	1/4	Chord	2/2	2	1	1/4	1/4	1	214									
20	20	78	78	1.0	1/2	1/2	Chord	2/2	2	1	1/4	1/4	1	215									
20	20	79	79	1.0	3/4	3/4	Chord	2/2	2	1	1/4	1/4	1	216									
21	21	80	80	4.0	0	0	Chord	2/2	1	1	1	1	1	217									
21	21	323/4	323/4	0.25	3/16	3/16	Chord	2/2	1	2	1/16	1/16	1	218									
21	21	81	81	0.75	1/4	1/4	Chord	2/2	1	2	3/16	1/8	3/2	219									
21	21	327/4	327/4	0.25	7/16	7/16	Chord	2/2	1	2	1/16	1/16	1	220									
21	21	82	82	0.5	1/2	1/2	Chord	2/2	1	2	1/8	1/8	1	221									
21	21	83	83	0.75	3/4	3/4	Chord	2/2	1	2	3/16	1/8	3/2	222							26		
21	21	335/4	335/4	0.25	15/16	15/16	Chord	2/2	1	2	1/16	1/16	1	223							26		
21	21	80	80	1.0	0	0	Chord	2/2	2	1	1/4	1/4	1	224									
21	21	81	81	1.0	1/4	1/4	Chord	2/2	2	1	1/4	1/4	1	225							27		
21	21	82	82	1.0	1/2	1/2	Chord	2/2	2	1	1/4	1/4	1	226									
21	21	83	83	1.0	3/4	3/4	Chord	2/2	2	1	1/4	1/4	1	227									
21	21	81	81	2.0	1/4	1/4	Chord	2/2	2	2	1/2	1/2	1	228									
22	22	84	84	4.0	0	0	Chord	2/2	1	1	1	1	1	229									
22	22	84	84	0.75	0	0	Chord	2/2	1	2	3/16	1/8	3/2	230							26		
22	22	339/4	339/4	0.25	3/16	3/16	Chord	2/2	1	2	1/16	1/16	1	231							26		
22	22	85	85	0.5	1/4	1/4	Chord	2/2	1	2	1/8	1/8	1	232									
22	22	171/2	171/2	0.5	3/8	3/8	Chord	2/2	1	2	1/8	1/8	1	233									
22	22	86	86	0.75	1/2	1/2	Chord	2/2	1	2	3/16	1/8	3/2	234									
22	22	347/4	347/4	0.25	11/16	11/16	Chord	2/2	1	2	1/16	1/16	1	235									
22	22	87	87	0.75	3/4	3/4	Chord	2/2	1	2	3/16	1/8	3/2	236									
22	22	351/4	351/4	0.25	15/16	15/16	Chord	2/2	1	2	1/16	1/16	1	237									
22	22	84	84	1.0	0	0	Chord	2/2	2	1	1/4	1/4	1	238							28		
22	22	85	85	1.0	1/4	1/4	Chord	2/2	2	1	1/4	1/4	1	239									
22	22	86	86	1.0	1/2	1/2	Chord	2/2	2	1	1/4	1/4	1	240									
22	22	87	87	1.0	3/4	3/4	Chord	2/2	2	1	1/4	1/4	1	241									
22	22	84	84	2.0	0	0	Chord	2/2	2	2	1/2	1/2	1	242									
23	23	355/4	355/4	0.25	3/16	3/16	Chord	2/2	1	1	1/16	1/16	1	243							29		
23	23	89	89	0.75	1/4	1/4	Chord	2/2	1	1	3/16	1/8	3/2	244							29		
23	23	359/4	359/4	0.25	7/16	7/16	Chord	2/2	1	1	1/16	1/16	1	245							29		
23	23	90	90	0.5	1/2	1/2	Chord	2/2	1	1	1/8	1/8	1	246									
23	23	91	91	0.75	3/4	3/4	Chord	2/2	1	1	3/16	1/8	3/2	247									
23	23	367/4	367/4	0.25	15/16	15/16	Chord	2/2	1	1	1/16	1/16	1	248									
23	23	88	88	4.0	0	0	Chord	2/2	1	2	1	1	1	249									
23	23	88	88	1.0	0	0	Chord	2/2	2	1	1/4	1/4	1	250									
23	23	89	89	1.0	1/4	1/4	Chord	2/2	2	1	1/4	1/4	1	251							30		
23	23	90	90	1.0	1/2	1/2	Chord	2/2	2	1	1/4	1/4	1	252									
23	23	91	91	1.0	3/4	3/4	Chord	2/2	2	1	1/4	1/4	1	253									
24	24	92	92	0.75	0	0	Chord	2/2	1	1	3/16	1/8	3/2	254									
24	24	371/4	371/4	0.25	3/16	3/16	Chord	2/2	1	1	1/16	1/16	1	255									
24	24	93	93	0.5	1/4	1/4	Chord	2/2	1	1	1/8	1/8	1	256									
24	24	94	94	0.0	1/2	1/2	Spanner	2/2	1	1	0												0
24	24	94	94	0.3333333333333333	1/2	1/2	Chord	2/2	1	1	1/12	1/8	2/3	257									0
24	24	283/3	283/3	0.3333333333333333	7/12	7/12	Chord	2/2	1	1	1/12	1/8	2/3	258									0
24	24	284/3	284/3	0.3333333333333333	2/3	2/3	Chord	2/2	1	1	1/12	1/8	2/3	259									0
24	24	95	95	0.3333333333333333	3/4	3/4	Chord	2/2	1	1	1/12	1/8	2/3	260									0
24	24	286/3	286/3	0.3333333333333333	5/6	5/6	Chord	2/2	1	1	1/12	1/8	2/3	261									0
24	24	287/3	287/3	0.3333333333333333	11/12	11/12	Chord	2/2	1	1	1/12	1/8	2/3	262									0
24	24	92	92	2.0	0	0	Chord	2/2	1	2	1/2	1/2	1	263									0
24	24	92	92	1.0	0	0	Chord	2/2	2	1	1/4	1/4	1	264							31		
24	24	93	93	1.0	1/4	1/4	Chord	2/2	2	1	1/4	1/4	1	265									
24	24	94	94	1.0	1/2	1/2	Chord	2/2	2	1	1/4	1/4	1	266									
24	24	95	95	1.0	3/4	3/4	Chord	2/2	2	1	1/4	1/4	1	267									
25	25	96	96	0.0	0	0	Dynamic	2/2	1	1	0				f								
25	25	96	96	0.0	0	0	Spanner	2/2	1	1	0												
25	25	193/2	193/2	0.0	1/8	1/8	StaffText	2/2	1	1	0						stacc.						
25	25	193/2	193/2	0.5	1/8	1/8	Chord	2/2	1	1	1/8	1/8	1	268									
25	25	97	97	0.5	1/4	1/4	Chord	2/2	1	1	1/8	1/8	1	269									
25	25	98	98	0.5	1/2	1/2	Chord	2/2	1	1	1/8	1/8	1	270									
25	25	197/2	197/2	0.5	5/8	5/8	Chord	2/2	1	1	1/8	1/8	1	271									
25	25	199/2	199/2	0.5	7/8	7/8	Chord	2/2	1	1	1/8	1/8	1	272									
25	25	96	96	0.5	0	0	Chord	2/2	2	1	1/8	1/8	1	273									
25	25	195/2	195/2	0.5	3/8	3/8	Chord	2/2	2	1	1/8	1/8	1	274									
25	25	99	99	0.5	3/4	3/4	Chord	2/2	2	1	1/8	1/8	1	275									
26	26	100	100	0.5	0	0	Chord	2/2	2	1	1/8	1/8	1	276									
26	26	201/2	201/2	0.5	1/8	1/8	Chord	2/2	2	1	1/8	1/8	1	277									
26	26	101	101	0.5	1/4	1/4	Chord	2/2	2	1	1/8	1/8	1	278									
26	26	203/2	203/2	0.5	3/8	3/8	Chord	2/2	2	1	1/8	1/8	1	279									
26	26	102	102	0.5	1/2	1/2	Chord	2/2	2	1	1/8	1/8	1	280									
26	26	205/2	205/2	0.5	5/8	5/8	Chord	2/2	2	1	1/8	1/8	1	281									
26	26	103	103	0.5	3/4	3/4	Chord	2/2	2	1	1/8	1/8	1	282									
27	27	104	104	0.0	0	0	Dynamic	2/2	1	1	0				f								
27	27	209/2	209/2	0.0	1/8	1/8	StaffText	2/2	1	1	0						stacc.						
27	27	209/2	209/2	0.5	1/8	1/8	Chord	2/2	1	1	1/8	1/8	1	283									
27	27	105	105	0.5	1/4	1/4	Chord	2/2	1	1	1/8	1/8	1	284									
27	27	106	106	0.5	1/2	1/2	Chord	2/2	1	1	1/8	1/8	1	285									
27	27	213/2	213/2	0.5	5/8	5/8	Chord	2/2	1	1	1/8	1/8	1	286									
27	27	215/2	215/2	0.5	7/8	7/8	Chord	2/2	1	1	1/8	1/8	1	287									
27	27	104	104	0.5	0	0	Chord	2/2	2	1	1/8	1/8	1	288									
27	27	211/2	211/2	0.5	3/8	3/8	Chord	2/2	2	1	1/8	1/8	1	289									
27	27	107	107	0.5	3/4	3/4	Chord	2/2	2	1	1/8	1/8	1	290									
28	28	108	108	0.5	0	0	Chord	2/2	2	1	1/8	1/8	1	291									
28	28	217/2	217/2	0.5	1/8	1/8	Chord	2/2	2	1	1/8	1/8	1	292									
28	28	109	109	0.5	1/4	1/4	Chord	2/2	2	1	1/8	1/8	1	293									
28	28	219/2	219/2	0.5	3/8	3/8	Chord	2/2	2	1	1/8	1/8	1	294									
28	28	110	110	0.5	1/2	1/2	Chord	2/2	2	1	1/8	1/8	1	295									
28	28	221/2	221/2	0.5	5/8	5/8	Chord	2/2	2	1	1/8	1/8	1	296									
28	28	111	111	0.5	3/4	3/4	Chord	2/2	2	1	1/8	1/8	1	297									
29	29	225/2	225/2	0.5	1/8	1/8	Chord	2/2	1	1	1/8	1/8	1	298									
29	29	113	113	0.5	1/4	1/4	Chord	2/2	1	1	1/8	1/8	1	299									
29	29	114	114	0.5	1/2	1/2	Chord	2/2	1	1	1/8	1/8	1	300									
29	29	115	115	0.5	3/4	3/4	Chord	2/2	1	1	1/8	1/8	1	301									
29	29	231/2	231/2	0.5	7/8	7/8	Chord	2/2	1	1	1/8	1/8	1	302									
29	29	112	112	0.5	0	0	Chord	2/2	2	1	1/8	1/8	1	303									
29	29	227/2	227/2	0.5	3/8	3/8	Chord	2/2	2	1	1/8	1/8	1	304									
29	29	229/2	229/2	0.5	5/8	5/8	Chord	2/2	2	1	1/8	1/8	1	305									
30	30	233/2	233/2	0.5	1/8	1/8	Chord	2/2	1	1	1/8	1/8	1	306									
30	30	117	117	0.5	1/4	1/4	Chord	2/2	1	1	1/8	1/8	1	307									
30	30	118	118	0.5	1/2	1/2	Chord	2/2	1	1	1/8	1/8	1	308									
30	30	237/2	237/2	0.5	5/8	5/8	Chord	2/2	1	1	1/8	1/8	1	309									
30	30	239/2	239/2	0.5	7/8	7/8	Chord	2/2	1	1	1/8	1/8	1	310									
30	30	116	116	0.5	0	0	Chord	2/2	1	2	1/8	1/8	1	311									
30	30	235/2	235/2	0.5	3/8	3/8	Chord	2/2	1	2	1/8	1/8	1	312									
30	30	119	119	0.5	3/4	3/4	Chord	2/2	1	2	1/8	1/8	1	313									
31	31	241/2	241/2	0.5	1/8	1/8	Chord	2/2	1	1	1/8	1/8	1	314									
31	31	121	121	0.5	1/4	1/4	Chord	2/2	1	1	1/8	1/8	1	315									
31	31	122	122	0.5	1/2	1/2	Chord	2/2	1	1	1/8	1/8	1	316									
31	31	245/2	245/2	0.5	5/8	5/8	Chord	2/2	1	1	1/8	1/8	1	317									
31	31	247/2	247/2	0.5	7/8	7/8	Chord	2/2	1	1	1/8	1/8	1	318									
31	31	120	120	0.5	0	0	Chord	2/2	1	2	1/8	1/8	1	319									
31	31	243/2	243/2	0.5	3/8	3/8	Chord	2/2	1	2	1/8	1/8	1	320									
31	31	123	123	0.5	3/4	3/4	Chord	2/2	1	2	1/8	1/8	1	321									
32	32	124	124	0.5	0	0	Chord	2/2	1	1	1/8	1/8	1	322									
32	32	125	125	0.5	1/4	1/4	Chord	2/2	1	1	1/8	1/8	1	323									
32	32	251/2	251/2	0.5	3/8	3/8	Chord	2/2	1	1	1/8	1/8	1	324									
32	32	253/2	253/2	0.5	5/8	5/8	Chord	2/2	1	1	1/8	1/8	1	325									
32	32	127	127	0.5	3/4	3/4	Chord	2/2	1	1	1/8	1/8	1	326									
32	32	255/2	255/2	0.5	7/8	7/8	Chord	2/2	1	1	1/8	1/8	1	327									
32	32	249/2	249/2	0.5	1/8	1/8	Chord	2/2	1	2	1/8	1/8	1	328									
32	32	126	126	0.5	1/2	1/2	Chord	2/2	1	2	1/8	1/8	1	329									
33	33	128	128	0.0	0	0	Dynamic	2/2	1	1	0				f								
33	33	128	128	0.0	0	0	StaffText	2/2	1	1	0						sempre stacc. martell.						
33	33	128	128	0.5	0	0	Chord	2/2	1	1	1/8	1/8	1	330									
33	33	257/2	257/2	0.5	1/8	1/8	Chord	2/2	1	1	1/8	1/8	1	331									
33	33	129	129	0.5	1/4	1/4	Chord	2/2	1	1	1/8	1/8	1	332									
33	33	259/2	259/2	0.5	3/8	3/8	Chord	2/2	1	1	1/8	1/8	1	333									
33	33	261/2	261/2	0.5	5/8	5/8	Chord	2/2	1	1	1/8	1/8	1	334									
33	33	131	131	0.5	3/4	3/4	Chord	2/2	1	1	1/8	1/8	1	335									
33	33	263/2	263/2	0.5	7/8	7/8	Chord	2/2	1	1	1/8	1/8	1	336									
33	33	128	128	1.0	0	0	Chord	2/2	2	1	1/4	1/4	1	337									
33	33	129	129	1.0	1/4	1/4	Chord	2/2	2	1	1/4	1/4	1	338									
33	33	130	130	1.0	1/2	1/2	Chord	2/2	2	1	1/4	1/4	1	339									
33	33	131	131	1.0	3/4	3/4	Chord	2/2	2	1	1/4	1/4	1	340									
34	34	132	132	0.5	0	0	Chord	2/2	1	1	1/8	1/8	1	341									
34	34	265/2	265/2	0.5	1/8	1/8	Chord	2/2	1	1	1/8	1/8	1	342									
34	34	133	133	0.5	1/4	1/4	Chord	2/2	1	1	1/8	1/8	1	343									
34	34	267/2	267/2	0.5	3/8	3/8	Chord	2/2	1	1	1/8	1/8	1	344									
34	34	134	134	0.5	1/2	1/2	Chord	2/2	1	1	1/8	1/8	1	345									
34	34	269/2	269/2	1.0	5/8	5/8	Chord	2/2	1	1	1/4	1/4	1	346									
34	34	271/2	271/2	0.5	7/8	7/8	Chord	2/2	1	1	1/8	1/8	1	347									
34	34	132	132	1.0	0	0	Chord	2/2	2	1	1/4	1/4	1	348									
34	34	133	133	1.0	1/4	1/4	Chord	2/2	2	1	1/4	1/4	1	349									
34	34	134	134	1.0	1/2	1/2	Chord	2/2	2	1	1/4	1/4	1	350									
34	34	135	135	1.0	3/4	3/4	Chord	2/2	2	1	1/4	1/4	1	351									
35	35	136	136	0.5	0	0	Chord	2/2	1	1	1/8	1/8	1	352									
35	35	273/2	273/2	0.5	1/8	1/8	Chord	2/2	1	1	1/8	1/8	1	353									
35	35	137	137	0.5	1/4	1/4	Chord	2/2	1	1	1/8	1/8	1	354									
35	35	275/2	275/2	0.5	3/8	3/8	Chord	2/2	1	1	1/8	1/8	1	355									
35	35	277/2	277/2	0.5	5/8	5/8	Chord	2/2	1	1	1/8	1/8	1	356									
35	35	139	139	0.5	3/4	3/4	Chord	2/2	1	1	1/8	1/8	1	357									
35	35	279/2	279/2	0.5	7/8	7/8	Chord	2/2	1	1	1/8	1/8	1	358									
35	35	136	136	1.0	0	0	Chord	2/2	2	1	1/4	1/4	1	359									
35	35	137	137	1.0	1/4	1/4	Chord	2/2	2	1	1/4	1/4	1	360									
35	35	138	138	1.0	1/2	1/2	Chord	2/2	2	1	1/4	1/4	1	361									
35	35	139	139	1.0	3/4	3/4	Chord	2/2	2	1	1/4	1/4	1	362									
36	36	140	140	0.5	0	0	Chord	2/2	1	1	1/8	1/8	1	363									
36	36	281/2	281/2	0.5	1/8	1/8	Chord	2/2	1	1	1/8	1/8	1	364									
36	36	141	141	0.5	1/4	1/4	Chord	2/2	1	1	1/8	1/8	1	365									
36	36	283/2	283/2	0.5	3/8	3/8	Chord	2/2	1	1	1/8	1/8	1	366									
36	36	142	142	0.5	1/2	1/2	Chord	2/2	1	1	1/8	1/8	1	367									
36	36	285/2	285/2	1.0	5/8	5/8	Chord	2/2	1	1	1/4	1/4	1	368									
36	36	287/2	287/2	0.5	7/8	7/8	Chord	2/2	1	1	1/8	1/8	1	369									
36	36	140	140	1.0	0	0	Chord	2/2	2	1	1/4	1/4	1	370									
36	36	141	141	1.0	1/4	1/4	Chord	2/2	2	1	1/4	1/4	1	371									
36	36	142	142	1.0	1/2	1/2	Chord	2/2	2	1	1/4	1/4	1	372									
36	36	143	143	1.0	3/4	3/4	Chord	2/2	2	1	1/4	1/4	1	373									
37	37	144	144	0.5	0	0	Chord	2/2	1	1	1/8	1/8	1	374									
37	37	289/2	289/2	0.5	1/8	1/8	Chord	2/2	1	1	1/8	1/8	1	375									
37	37	145	145	0.5	1/4	1/4	Chord	2/2	1	1	1/8	1/8	1	376									
37	37	291/2	291/2	0.5	3/8	3/8	Chord	2/2	1	1	1/8	1/8	1	377									
37	37	146	146	0.5	1/2	1/2	Chord	2/2	1	1	1/8	1/8	1	378									
37	37	293/2	293/2	0.5	5/8	5/8	Chord	2/2	1	1	1/8	1/8	1	379									
37	37	147	147	0.5	3/4	3/4	Chord	2/2	1	1	1/8	1/8	1	380									
37	37	295/2	295/2	0.5	7/8	7/8	Chord	2/2	1	1	1/8	1/8	1	381									
37	37	144	144	1.0	0	0	Chord	2/2	2	1	1/4	1/4	1	382									
37	37	145	145	1.0	1/4	1/4	Chord	2/2	2	1	1/4	1/4	1	383									
37	37	146	146	1.0	1/2	1/2	Chord	2/2	2	1	1/4	1/4	1	384									
37	37	147	147	1.0	3/4	3/4	Chord	2/2	2	1	1/4	1/4	1	385									
38	38	148	148	0.5	0	0	Chord	2/2	1	1	1/8	1/8	1	386									
38	38	297/2	297/2	1.0	1/8	1/8	Chord	2/2	1	1	1/4	1/4	1	387									
38	38	299/2	299/2	1.5	3/8	3/8	Chord	2/2	1	1	3/8	1/4	3/2	388									
38	38	151	151	0.5	3/4	3/4	Chord	2/2	1	1	1/8	1/8	1	389		articAccentAbove					32		
38	38	303/2	303/2	0.5	7/8	7/8	Chord	2/2	1	1	1/8	1/8	1	390							32		
38	38	148	148	1.0	0	0	Chord	2/2	2	1	1/4	1/4	1	391									
38	38	149	149	1.0	1/4	1/4	Chord	2/2	2	1	1/4	1/4	1	392									
38	38	150	150	1.0	1/2	1/2	Chord	2/2	2	1	1/4	1/4	1	393									
38	38	151	151	1.0	3/4	3/4	Chord	2/2	2	1	1/4	1/4	1	394									
39	39	152	152	0.5	0	0	Chord	2/2	1	1	1/8	1/8	1	395							32		
39	39	305/2	305/2	1.5	1/8	1/8	Chord	2/2	1	1	3/8	1/4	3/2	396									
39	39	154	154	0.0	1/2	1/2	Spanner	2/2	1	1	0											1	
39	39	154	154	0.5	1/2	1/2	Chord	2/2	1	1	1/8	1/8	1	397		articAccentAbove					33	1	
39	39	309/2	309/2	1.0	5/8	5/8	Chord	2/2	1	1	1/4	1/4	1	398							33	1	
39	39	311/2	311/2	0.5	7/8	7/8	Chord	2/2	1	1	1/8	1/8	1	399								1	
39	39	152	152	1.0	0	0	Chord	2/2	2	1	1/4	1/4	1	400									
39	39	153	153	1.0	1/4	1/4	Chord	2/2	2	1	1/4	1/4	1	401									
39	39	154	154	1.0	1/2	1/2	Chord	2/2	2	1	1/4	1/4	1	402									
39	39	155	155	1.0	3/4	3/4	Chord	2/2	2	1	1/4	1/4	1	403									
40	40	156	156	0.0	0	0	Spanner	2/2	1	1	0												
40	40	313/2	313/2	0.5	1/8	1/8	Chord	2/2	1	1	1/8	1/8	1	404		articAccentAbove					34		
40	40	157	157	0.5	1/4	1/4	Chord	2/2	1	1	1/8	1/8	1	405									
40	40	315/2	315/2	0.5	3/8	3/8	Chord	2/2	1	1	1/8	1/8	1	406									
40	40	158	158	0.5	1/2	1/2	Chord	2/2	1	1	1/8	1/8	1	407		articAccentAbove					35		
40	40	317/2	317/2	0.5	5/8	5/8	Chord	2/2	1	1	1/8	1/8	1	408									
40	40	159	159	0.5	3/4	3/4	Chord	2/2	1	1	1/8	1/8	1	409									
40	40	319/2	319/2	0.5	7/8	7/8	Chord	2/2	1	1	1/8	1/8	1	410		articAccentBelow							
40	40	319/2	319/2	0.0	7/8	7/8	StaffText	2/2	2	1	0						secco						
41	41	160	160	0.0	0	0	StaffText	2/2	1	1	0						stacc.						
41	41	160	160	0.5	0	0	Chord	2/2	1	1	1/8	1/8	1	411									
41	41	321/2	321/2	0.5	1/8	1/8	Chord	2/2	1	1	1/8	1/8	1	412									
41	41	161	161	0.5	1/4	1/4	Chord	2/2	1	1	1/8	1/8	1	413									
41	41	323/2	323/2	0.5	3/8	3/8	Chord	2/2	1	1	1/8	1/8	1	414									
41	41	325/2	325/2	0.5	5/8	5/8	Chord	2/2	1	1	1/8	1/8	1	415									
41	41	163	163	0.5	3/4	3/4	Chord	2/2	1	1	1/8	1/8	1	416									
41	41	327/2	327/2	0.5	7/8	7/8	Chord	2/2	1	1	1/8	1/8	1	417									
41	41	160	160	1.0	0	0	Chord	2/2	2	1	1/4	1/4	1	418									
41	41	161	161	1.0	1/4	1/4	Chord	2/2	2	1	1/4	1/4	1	419									
41	41	162	162	1.0	1/2	1/2	Chord	2/2	2	1	1/4	1/4	1	420									
41	41	163	163	1.0	3/4	3/4	Chord	2/2	2	1	1/4	1/4	1	421									
42	42	164	164	0.5	0	0	Chord	2/2	1	1	1/8	1/8	1	422									
42	42	329/2	329/2	0.5	1/8	1/8	Chord	2/2	1	1	1/8	1/8	1	423									
42	42	165	165	0.5	1/4	1/4	Chord	2/2	1	1	1/8	1/8	1	424									
42	42	331/2	331/2	0.5	3/8	3/8	Chord	2/2	1	1	1/8	1/8	1	425									
42	42	166	166	0.5	1/2	1/2	Chord	2/2	1	1	1/8	1/8	1	426									
42	42	333/2	333/2	1.0	5/8	5/8	Chord	2/2	1	1	1/4	1/4	1	427		articTenutoAbove							
42	42	335/2	335/2	0.5	7/8	7/8	Chord	2/2	1	1	1/8	1/8	1	428									
42	42	164	164	1.0	0	0	Chord	2/2	2	1	1/4	1/4	1	429									
42	42	165	165	1.0	1/4	1/4	Chord	2/2	2	1	1/4	1/4	1	430									
42	42	166	166	1.0	1/2	1/2	Chord	2/2	2	1	1/4	1/4	1	431									
42	42	167	167	1.0	3/4	3/4	Chord	2/2	2	1	1/4	1/4	1	432									
43	43	168	168	0.5	0	0	Chord	2/2	1	1	1/8	1/8	1	433									
43	43	337/2	337/2	0.5	1/8	1/8	Chord	2/2	1	1	1/8	1/8	1	434									
43	43	169	169	0.5	1/4	1/4	Chord	2/2	1	1	1/8	1/8	1	435									
43	43	339/2	339/2	0.5	3/8	3/8	Chord	2/2	1	1	1/8	1/8	1	436									
43	43	341/2	341/2	0.5	5/8	5/8	Chord	2/2	1	1	1/8	1/8	1	437									
43	43	171	171	0.5	3/4	3/4	Chord	2/2	1	1	1/8	1/8	1	438									
43	43	343/2	343/2	0.5	7/8	7/8	Chord	2/2	1	1	1/8	1/8	1	439									
43	43	168	168	1.0	0	0	Chord	2/2	2	1	1/4	1/4	1	440									
43	43	169	169	1.0	1/4	1/4	Chord	2/2	2	1	1/4	1/4	1	441									
43	43	170	170	1.0	1/2	1/2	Chord	2/2	2	1	1/4	1/4	1	442									
43	43	171	171	1.0	3/4	3/4	Chord	2/2	2	1	1/4	1/4	1	443									
44	44	172	172	0.5	0	0	Chord	2/2	1	1	1/8	1/8	1	444									
44	44	345/2	345/2	0.5	1/8	1/8	Chord	2/2	1	1	1/8	1/8	1	445									
44	44	173	173	0.5	1/4	1/4	Chord	2/2	1	1	1/8	1/8	1	446									
44	44	347/2	347/2	0.5	3/8	3/8	Chord	2/2	1	1	1/8	1/8	1	447									
44	44	174	174	0.5	1/2	1/2	Chord	2/2	1	1	1/8	1/8	1	448									
44	44	349/2	349/2	1.0	5/8	5/8	Chord	2/2	1	1	1/4	1/4	1	449									
44	44	351/2	351/2	0.16666666666666666	7/8	7/8	Chord	2/2	1	1	1/24	1/16	2/3	450							36		
44	44	527/3	527/3	0.16666666666666666	11/12	11/12	Chord	2/2	1	1	1/24	1/16	2/3	451							36		
44	44	1055/6	1055/6	0.16666666666666666	23/24	23/24	Chord	2/2	1	1	1/24	1/16	2/3	452							36		
44	44	172	172	1.0	0	0	Chord	2/2	2	1	1/4	1/4	1	453									
44	44	173	173	1.0	1/4	1/4	Chord	2/2	2	1	1/4	1/4	1	454									
44	44	174	174	1.0	1/2	1/2	Chord	2/2	2	1	1/4	1/4	1	455									
44	44	175	175	1.0	3/4	3/4	Chord	2/2	2	1	1/4	1/4	1	456									
45	45	176	176	0.5	0	0	Chord	2/2	1	1	1/8	1/8	1	457							36		
45	45	353/2	353/2	1.0	1/8	1/8	Chord	2/2	1	1	1/4	1/4	1	458									
45	45	355/2	355/2	1.0	3/8	3/8	Chord	2/2	1	1	1/4	1/4	1	459		articTenutoAbove							
45	45	357/2	357/2	1.5	5/8	5/8	Chord	2/2	1	1	3/8	1/4	3/2	460		articTenutoAbove							
45	45	176	176	1.0	0	0	Chord	2/2	2	1	1/4	1/4	1	461									
45	45	177	177	1.0	1/4	1/4	Chord	2/2	2	1	1/4	1/4	1	462									
45	45	178	178	1.0	1/2	1/2	Chord	2/2	2	1	1/4	1/4	1	463									
45	45	179	179	1.0	3/4	3/4	Chord	2/2	2	1	1/4	1/4	1	464									
46	46	180	180	0.5	0	0	Chord	2/2	1	1	1/8	1/8	1	465							37		
46	46	361/2	361/2	1.0	1/8	1/8	Chord	2/2	1	1	1/4	1/4	1	466									
46	46	363/2	363/2	0.5	3/8	3/8	Chord	2/2	1	1	1/8	1/8	1	467							38		
46	46	182	182	0.5	1/2	1/2	Chord	2/2	1	1	1/8	1/8	1	468									
46	46	183	183	0.5	3/4	3/4	Chord	2/2	1	1	1/8	1/8	1	469		articStaccatoAbove							
46	46	367/2	367/2	0.5	7/8	7/8	Chord	2/2	1	1	1/8	1/8	1	470		articStaccatoAbove							
46	46	180	180	1.0	0	0	Chord	2/2	2	1	1/4	1/4	1	471									
46	46	181	181	1.0	1/4	1/4	Chord	2/2	2	1	1/4	1/4	1	472									
46	46	182	182	1.0	1/2	1/2	Chord	2/2	2	1	1/4	1/4	1	473									
46	46	183	183	1.0	3/4	3/4	Chord	2/2	2	1	1/4	1/4	1	474									
47	47	184	184	0.5	0	0	Chord	2/2	1	1	1/8	1/8	1	475							39		
47	47	369/2	369/2	1.0	1/8	1/8	Chord	2/2	1	1	1/4	1/4	1	476									
47	47	371/2	371/2	0.5	3/8	3/8	Chord	2/2	1	1	1/8	1/8	1	477		articAccentBelow					40		
47	47	186	186	0.5	1/2	1/2	Chord	2/2	1	1	1/8	1/8	1	478							40		
47	47	373/2	373/2	1.5	5/8	5/8	Chord	2/2	1	1	3/8	1/4	3/2	479									
47	47	184	184	1.0	0	0	Chord	2/2	2	1	1/4	1/4	1	480									
47	47	185	185	1.0	1/4	1/4	Chord	2/2	2	1	1/4	1/4	1	481									
47	47	186	186	1.0	1/2	1/2	Chord	2/2	2	1	1/4	1/4	1	482									
47	47	187	187	1.0	3/4	3/4	Chord	2/2	2	1	1/4	1/4	1	483									
48	48	188	188	1.5	0	0	Chord	2/2	1	1	3/8	1/4	3/2	484									
48	48	379/2	379/2	0.5	3/8	3/8	Chord	2/2	1	1	1/8	1/8	1	485									
48	48	190	190	2.0	1/2	1/2	Chord	2/2	1	1	1/2	1/2	1	486									
48	48	188	188	0.5	0	0	Chord	2/2	1	2	1/8	1/8	1	487							41		
48	48	377/2	377/2	1.0	1/8	1/8	Chord	2/2	1	2	1/4	1/4	1	488									
48	48	379/2	379/2	0.5	3/8	3/8	Chord	2/2	1	2	1/8	1/8	1	489		articAccentBelow					42		
48	48	190	190	0.5	1/2	1/2	Chord	2/2	1	2	1/8	1/8	1	490							42		
48	48	381/2	381/2	1.5	5/8	5/8	Chord	2/2	1	2	3/8	1/4	3/2	491									
48	48	188	188	1.5	0	0	Chord	2/2	2	1	3/8	1/4	3/2	492									
48	48	379/2	379/2	0.5	3/8	3/8	Chord	2/2	2	1	1/8	1/8	1	493									
48	48	190	190	1.0	1/2	1/2	Chord	2/2	2	1	1/4	1/4	1	494									
48	48	191	191	1.0	3/4	3/4	Chord	2/2	2	1	1/4	1/4	1	495									
49	49	192	192	1.5	0	0	Chord	2/2	1	1	3/8	1/4	3/2	496		articAccentAbove							
49	49	387/2	387/2	1.5	3/8	3/8	Chord	2/2	1	1	3/8	1/4	3/2	497		articAccentAbove							
49	49	195	195	0.5	3/4	3/4	Chord	2/2	1	1	1/8	1/8	1	498		articAccentAbove					43		
49	49	391/2	391/2	0.5	7/8	7/8	Chord	2/2	1	1	1/8	1/8	1	499							43		
49	49	192	192	0.5	0	0	Chord	2/2	1	2	1/8	1/8	1	500							44		
49	49	385/2	385/2	1.0	1/8	1/8	Chord	2/2	1	2	1/4	1/4	1	501									
49	49	387/2	387/2	1.5	3/8	3/8	Chord	2/2	1	2	3/8	1/4	3/2	502									
49	49	192	192	1.5	0	0	Chord	2/2	2	1	3/8	1/4	3/2	503									
49	49	387/2	387/2	1.5	3/8	3/8	Chord	2/2	2	1	3/8	1/4	3/2	504									
49	49	195	195	1.0	3/4	3/4	Chord	2/2	2	1	1/4	1/4	1	505									
50	50	196	196	1.0	0	0	Chord	2/2	1	1	1/4	1/4	1	506									
50	50	198	198	0.0	1/2	1/2	StaffText	2/2	1	1	0						secco						
50	50	198	198	0.0	1/2	1/2	Dynamic	2/2	1	1	0				f								
50	50	198	198	0.5	1/2	1/2	Chord	2/2	1	1	1/8	1/8	1	507									
50	50	198	198	0.5	1/2	1/2	Chord	2/2	1	2	1/8	1/8	1	508									
50	50	196	196	1.0	0	0	Chord	2/2	2	1	1/4	1/4	1	509									
50	50	197	197	1.0	1/4	1/4	Chord	2/2	2	1	1/4	1/4	1	510							45		
50	50	198	198	0.0	1/2	1/2	StaffText	2/2	2	1	0						Prague, 23 avril 1931						
